category,conv_id,question,std_latency_sec,std_final_answer
Macroeconomic Transmission & Monetary Policy,econ_macro_01,"Using the Mundell-Fleming model, analyze how high capital mobility constrains monetary policy autonomy under a pegged exchange rate regime during an external interest rate shock, and evaluate the trade-offs between reserve depletion and imposing capital controls.",8.602,"The Mundell-Fleming model is an extension of the IS-LM model for an open economy, incorporating the exchange rate and the foreign exchange market. For a small open economy, the model assumes that world income ($Y^*$) and the world price level ($P^*$) are independent of the country's economic policy. The model consists of three equations: the IS curve (equation 8.1), the LM curve (equation 8.2), and the Balance of Payments (BP) curve (equation 8.3).

The IS curve, $Y = C(Y-T) + I(r) + G + Nx(e)$, describes the commodity market, where total revenue equals total demand comprising consumption ($C$), investments ($I$), government spending ($G$), and net exports ($Nx$). The LM curve, $M/P = L(r, Y)$, represents the money market, where the real money supply ($M/P$) is a function of the interest rate ($r$) and income ($Y$). The BP curve, $Nx(e) = CF(r)$, relates net exports to the foreign exchange market and capital flows, where $e$ is the exchange rate and $CF$ represents capital flows.

Under a fixed exchange rate regime, monetary policy is connected with maintaining external balance, while fiscal policy is connected with maintaining internal balance. Conversely, with a floating exchange rate, fiscal policy is used for regulating external imbalance, and monetary policy is used for regulating internal imbalance.

When a country maintains a fixed exchange rate, monetary policy becomes constrained because the fixed exchange rate acts as a constraint. If the central bank increases the money supply, it initially lowers domestic interest rates, making foreign assets temporarily more attractive. This leads domestic investors to increase their demand for foreign currency, which would cause the domestic currency to depreciate under a floating exchange rate. However, under a fixed exchange rate, the central bank must supply the extra demand for foreign currency, resulting in a balance of payments deficit. The central bank buys its own domestic currency to maintain the fixed rate, which effectively offsets the initial increase in the money supply. Consequently, the central bank loses its autonomy or independence in using monetary policy to control the economy because the requirement to keep the exchange rate fixed constrains its actions.

In a fixed exchange rate system, a country has an additional policy lever not available in a floating system: exchange rate policy, specifically devaluations and revaluations. These actions can be used to influence the money supply and domestic outcomes similarly to monetary policy. However, frequent exchange rate adjustments can erode the credibility of the government's commitment to a truly fixed exchange rate, potentially harming trade and investment decisions and future inflation prospects.

The provided context does not explicitly detail the Mundell-Fleming model's analysis of how high capital mobility constrains monetary policy autonomy under a pegged exchange rate during an external interest rate shock, nor does it evaluate the trade-offs between reserve depletion and imposing capital controls. However, it does explain the general mechanism by which a fixed exchange rate constrains monetary policy: intervention in the Forex market to maintain the peg leads to offsets in the money supply. Specifically, an increase in money supply lowers interest rates, leading to capital outflows and pressure for currency depreciation. To counter this, the central bank must sell foreign currency reserves and buy domestic currency, which reduces the money supply, negating the initial expansionary policy. This implies that with high capital mobility, capital flows responding to interest rate differentials would be significant, amplifying the pressure on the central bank to intervene and thus further limiting its monetary policy autonomy. The context mentions that to maintain a credible fixed exchange rate system, a country needs to buy and sell reserve currency to manage excess demand or supply in the Forex. This requires maintaining foreign exchange reserves, which are stockpiles of assets denominated in the reserve currency. These reserves are typically held as Treasury bonds of the reserve country, earning interest. If larger sales of reserves become necessary, the central bank can sell these foreign Treasury bonds to convert them into currency for intervention. The sustainability of a fixed exchange rate depends on the central bank's ability to maintain the rate with only modest interventions. The context implies that significant external interest rate shocks would necessitate substantial interventions, leading to rapid depletion of foreign exchange reserves, and thus threatening the sustainability of the fixed exchange rate. The provided text does not, however, offer an evaluation of the trade-offs between reserve depletion and imposing capital controls."
Macroeconomic Transmission & Monetary Policy,econ_macro_02,"Analyze how financial dollarization impairs the interest rate channel of central bank monetary policy transmission, specifically tracing how policy rate adjustments fail to pass through to commercial lending rates during sudden-stop foreign exchange shocks.",2.156,"This question cannot be fully answered from the provided context. The context discusses how central banks can intervene in foreign exchange markets through direct and indirect methods to influence exchange rates and domestic money supply. It also touches upon the effects of these interventions on interest rates and trade balances. However, the context does not contain information about financial dollarization, its impact on the interest rate channel of monetary policy transmission, or how policy rate adjustments fail to pass through to commercial lending rates during sudden-stop foreign exchange shocks."
Macroeconomic Transmission & Monetary Policy,econ_macro_03,"Deconstruct the structural channels of 'Dutch Disease' in resource-exporting emerging economies, examining how real exchange rate appreciation squeezes non-resource tradable sectors and alters long-run productivity.",2.626,"Based on the provided context, there is no information that directly explains the ""Dutch Disease."" Therefore, I cannot deconstruct its structural channels, examine how real exchange rate appreciation squeezes non-resource tradable sectors, or alter long-run productivity.

The retrieved context discusses:
*   **Exchange rate policies and goals of central banks** (Chunk 1, Chunk 3)
*   **Self-check and review questions related to exchange rates** (Chunk 1, Chunk 3)
*   **Types of foreign exchange exposure** (transaction, consolidation, economic) (Chunk 2)
*   **Hedging tools** (Chunk 2)
*   **Factors affecting exchange rates** such as labor productivity, production costs, GNP growth, purchasing power parity (PPP), and national income (Chunk 4).
*   **Macroeconomic effects of exchange rates**, including their influence on aggregate demand and supply, loans, banks, international trade, balance of trade, and capital inflows/outflows (Chunk 5).
*   **Examples of currency fluctuations** (euro's value against the U.S. dollar) and their impact on a French firm's profitability (Chunk 5).
*   **The concept of a stronger currency making domestic goods more expensive for foreigners and foreign goods cheaper domestically**, leading to a decline in exports and rise in imports (Chunk 4).

However, none of these explicitly define or elaborate on the ""Dutch Disease"" phenomenon, its specific mechanisms in resource-exporting economies, or its impact on non-resource tradable sectors and long-run productivity."
Macroeconomic Transmission & Monetary Policy,econ_macro_04,Evaluate the mathematical formulation and structural limitations of the standard Taylor Rule when applied to small open economies subject to terms-of-trade volatility and supply-side energy shocks.,4.649,"The provided context does not contain information on the mathematical formulation or structural limitations of the standard Taylor Rule when applied to small open economies subject to terms-of-trade volatility and supply-side energy shocks.

However, the context does provide the following related information:

**Taylor Rule Formulation (from Chunk 2):**
The Taylor rule is considered to be of the form:
$t\pi t y t\lambda\lambda + = $ (38)
where:
*   $t\iota$ denotes the percentage point deviation of the short-term nominal interest rate from steady state.
*   $t\pi$ and $ty$ are log-deviations of inflation and GDP from base.

It is also mentioned that rule (38) may be augmented with a lag of the nominal interest rate to capture interest rate smoothing.

**Limitations of the Taylor Rule in Open Economies (from Chunk 2):**
The Taylor rule was devised for a closed economy (specifically, the US), where the exchange rate channel of monetary transmission has a negligible role in the propagation of monetary impulses. Consequently, Taylor rules are expected to perform relatively poorly when compared with rules that account for the exchange rate channel or allow for the diverse transmission of monetary impulses across internationally exposed and internationally sheltered sectors.

**Context on Open Economy Models and Rules (from Chunk 1, 2, and 3):**
*   The research considers a family of rules that includes the Taylor closed-economy rule, naïve MCI-based rules, Ball's MCI-based rule, and inflation forecast-based rules. Some of these rules appear robust across different shocks, including those from the rest of the world. This is contrasted with closed-economy rival simple rules that ignore the exchange rate channel and MCI-based rules whose performance can be highly shock-specific.
*   To test these rules, a two-sector open-economy dynamic stochastic general equilibrium model is used, calibrated to UK data. This model distinguishes between the export/non-traded sector split to discern different impacts of shocks on output and inflation in these sectors, which is considered a key element for designing efficient policy rules and for the monetary authority to consider the costs of price stabilization.
*   The model allows for the examination of various shocks, including those to aggregate demand (e.g., household preferences, overseas output), and on the supply side, shocks to overseas inflation. It also allows for the analysis of relative productivity shocks, changes in the price of imported intermediate goods, shocks to the foreign exchange risk premium, and monetary policy shocks (both domestic and abroad).
*   The ability to examine these different shocks is important for comparing alternative policy rules in an open economy because the efficient policy response to exchange rate changes typically depends on the shocks hitting the economy, sometimes requiring opposite responses.
*   The model's structural nature, built from micro-principles, allows consideration of shocks (like preference or relative productivity shocks) crucial for designing a ""horse for all courses"" rule in an open economy setting.
*   A ""battery of rules"" evaluated includes the estimated policy rule, a Taylor rule, an inflation-forecast based (IFB) rule, a naïve MCI-based rule, Ball's (1999) rule, and a family of alternative ""open-economy"" rules. This battery aims to encompass mainstream literature on simple policy rules for both closed and open economies.
*   The context notes that some rules appear robust across a set of different shocks, including shocks from the rest of the world, in contrast to closed-economy simple rules that ignore the exchange rate channel and MCI-based rules that can be shock-specific.

**Factors Considered by the Standard Taylor Rule (from Chunk 4):**
The Taylor rule suggests taking into account:
1.  The level of actual inflation relative to the target.
2.  How far economic activity is above or below its ""full employment"" level.
3.  The level of the short-term interest rate consistent with full employment.

It also stipulates that for each one-percent increase in inflation, the central bank should raise the nominal interest rate by more than one percentage point. The rule advocates for relatively high interest rates (contractionary policy) when inflation is high or employment exceeds full employment, and expansionary policies with low interest rates when the economy is slow (high unemployment or low inflation).

**Missing Information:**
The retrieved context does not provide:
*   A detailed mathematical formulation of the Taylor Rule that explicitly incorporates terms for terms-of-trade volatility or supply-side energy shocks.
*   A specific analysis of the structural limitations of the standard Taylor Rule when confronted with terms-of-trade volatility.
*   A specific analysis of the structural limitations of the standard Taylor Rule when confronted with supply-side energy shocks."
Macroeconomic Transmission & Monetary Policy,econ_macro_05,"Examine the mechanism of Lucas Critique in economic policy evaluation, specifically demonstrating how private sector rational expectations defeat central bank attempts to exploit short-run Phillips Curve trade-offs.",4.86,"The Lucas Critique, as articulated by Lucas (1976), posits that when economic agents, such as businesses and consumers, form their expectations rationally, the relationships within econometric models used for policy evaluation change if the policy itself changes. This is because the way expectations are formed, specifically the relationship between expectations and past information, is altered when the behavior of forecasted variables shifts.

The core of the Lucas Critique in the context of exploiting short-run Phillips Curve trade-offs lies in how private sector rational expectations interact with central bank policy.

1.  **Short-Run Phillips Curve Trade-off:** The Phillips curve, in its short-run interpretation, suggests a trade-off between inflation and unemployment. This implies that a central bank might attempt to lower unemployment by stimulating aggregate demand, which would lead to higher inflation. Conversely, to reduce inflation, the central bank might tighten policy, leading to higher unemployment. This is described as a ""cruel choice"" or a ""trade-off view"" of the Phillips curve (Chunk 1).

2.  **Rational Expectations Theory:** Rational expectations theory asserts that businesses and consumers are capable of accurately forecasting prices and other relevant economic variables. If these agents can behave as if they know what will happen, their expectations are not merely adaptive but informed and forward-looking (Chunk 1, Chunk 4).

3.  **The Lucas Critique's Impact on the Trade-off:** The Lucas Critique argues that when a central bank attempts to exploit the short-run Phillips curve trade-off, it changes the economic environment. Specifically, if a central bank consistently tries to reduce unemployment by generating inflation, individuals and firms will anticipate this policy and adjust their expectations accordingly.
    *   The relationship between past information and future expectations, which is typically used to estimate econometric models, will change because agents are now anticipating the effects of the policy (Chunk 2).
    *   For instance, if a central bank stimulates the economy, leading to higher inflation, rational agents will foresee this increase in inflation and incorporate it into their wage demands and pricing decisions. This proactive adjustment means that the expected inflation will rise along with actual inflation.
    *   As a result, the Phillips curve, which plots the relationship between inflation and unemployment, will shift. The anticipated inflation will cause the short-run Phillips curve to shift upwards (Chunk 5).

4.  **Defeat of Central Bank Attempts:**
    *   The central bank's effort to achieve lower unemployment by increasing inflation will be met with an increase in inflation that is larger than anticipated, or the unemployment rate may not fall as expected because wage and price adjustments happen more quickly due to forward-looking expectations.
    *   The econometric models used by policymakers, estimated on historical data where expectations were formed differently, will no longer accurately predict the consequences of the new policy. The model will be ""no longer the correct model for evaluating the response to this policy change and may consequently prove highly misleading"" (Chunk 2).
    *   Therefore, the intended short-run trade-off between unemployment and inflation is undermined. Instead of achieving lower unemployment at a manageable cost of higher inflation, the policy might lead to both higher inflation and little to no reduction in unemployment, or even higher unemployment if expectations are very sensitive and adaptive.
    *   This makes ""activist monetary policy"" very difficult because the predictive power of macroeconometric models diminishes significantly when agent expectations change in response to policy shifts (Chunk 2).

In essence, rational expectations and the Lucas Critique imply that the ""trade-off existed only in the short term: as inflation expectations adjusted, the Phillips curve shifted, possibly in a nonlinear way"" (Chunk 5). This shift in the Phillips curve means that the perceived beneficial trade-off between inflation and unemployment disappears in the long run, and even in the short run, attempts to exploit it can be self-defeating if agents rationally anticipate the policy's effects. The ""Lady and Tiger Dilemma"" for policymakers (Chunk 1, Chunk 4) captures this uncertainty: relying on the Phillips Curve for policy decisions can be fraught with peril if expectations are not static."
Macroeconomic Transmission & Monetary Policy,econ_macro_06,"Analyze liquidity trap conditions at the Zero Lower Bound (ZLB), assessing how quantitative easing (QE) and forward guidance alter term premiums and long-term sovereign bond yields.",5.033,"A liquidity trap is defined as a situation where injections of cash into the private banking system by a central bank fail to lower interest rates and, consequently, fail to stimulate economic growth. This occurs when the interest rate falls to zero and cannot be pushed further down, rendering traditional monetary policy ineffective. In such a scenario, bonds offer little to no interest, making them nearly equivalent to cash. [Chunk 2, Chunk 4]

The zero lower bound (ZLB) is a critical condition associated with liquidity traps, where the policy-determined nominal interest rate is at or near zero. [Chunk 1, Chunk 2] When this bound is binding, monetary policy may become powerless to stabilize inflation and output. [Chunk 1]

**Conditions Leading to Liquidity Traps at the ZLB:**

*   **Negative Natural Interest Rate:** A key factor is a negative natural or Wicksellian interest rate (rn). The natural rate of interest depends on preferences (discount rate $\rho$ and elasticity $\sigma$) and trend productivity growth ($g$). [Chunk 1] If trend productivity growth becomes sufficiently negative, the natural rate of interest can be negative. [Chunk 1]
*   **Secular Stagnation:** The combination of flagging productivity and a negative natural interest rate aligns with the concept of secular stagnation, defined as a situation where the natural interest rate falls below zero for an extended period. [Chunk 1] Economies experiencing secular stagnation are likely to find themselves in a liquidity trap. [Chunk 1]
*   **Expected Deflation:** Expected deflation exacerbates the problem at the ZLB. If the public expects prices to fall, holding money becomes attractive because it yields a positive real interest rate. For example, with a zero nominal interest rate and an expected 2% deflation, holding money effectively earns a 2% real interest rate. This discourages spending as individuals postpone purchases, expecting goods and services to become cheaper. [Chunk 3]

**Monetary Policy Ineffectiveness at the ZLB:**

In a liquidity trap, traditional monetary policy, which typically operates by lowering interest rates, becomes ineffective. [Chunk 3, Chunk 4] This is because the central bank cannot reduce interest rates below zero. [Chunk 3] Monetary policy can influence the economy but cannot control it directly, and there are limits to its accomplishments. [Chunk 4] In a narrow version of Keynesian theory where monetary policy affects the economy solely through interest rates, further increases in the money stock in a liquidity trap will fail to further lower interest rates and thus fail to stimulate the economy. [Chunk 4] If the LM curve occupies a horizontal position, indicative of a liquidity trap, monetary policy becomes ineffective for income increasing purposes, necessitating the use of fiscal policy. [Chunk 5]

**Quantitative Easing (QE) and Forward Guidance:**

To combat the ineffectiveness of traditional monetary policy at the ZLB, central banks resort to unconventional measures such as quantitative easing (QE) and forward guidance. [Chunk 2, Chunk 3]

*   **Quantitative Easing (QE):** QE involves providing substantial reserves to the banking system. The aim is to convince the public that the central bank will keep interest rates very low for as long as necessary to avoid deflation. [Chunk 3] It is a form of extraordinary expansionary monetary policy aimed at creating expected inflation. [Chunk 3] QE is intended to make firms and consumers want to spend by using a tool not aimed at reducing the interest rate further, since it cannot be reduced below zero. [Chunk 3] This policy shifts the focus to the price level and avoiding expected deflation. [Chunk 3]
*   **Forward Guidance:** This is a strategy used in conjunction with QE. [Chunk 3] The Fed, for instance, has used statements to signal its intention to maintain exceptionally low levels of the federal funds rate for an extended period. [Chunk 3] The goal is to manage public expectations about future interest rate paths.

**Impact of QE and Forward Guidance on Term Premiums and Long-Term Sovereign Bond Yields:**

The provided context does not explicitly detail how quantitative easing (QE) and forward guidance alter term premiums and long-term sovereign bond yields. While it discusses the *aims* of these policies—to keep interest rates low and avoid deflation by creating expected inflation and convincing the public that rates will remain low—it does not provide a technical analysis of their impact on specific components of bond yields like term premiums. The mechanisms by which QE and forward guidance influence these specific aspects of financial markets are not elaborated upon in the retrieved chunks."
Macroeconomic Transmission & Monetary Policy,econ_macro_07,"Explain how unanchored inflation expectations shift the Aggregate Supply (AS) curve upward, and analyze central bank credibility requirements for executing a low-sacrifice-ratio disinflation program.",6.332,"Based on the provided context, unanchored inflation expectations can cause the Aggregate Supply (AS) curve to shift upward, and central bank credibility is crucial for executing a low-sacrifice-ratio disinflation program.

**How Unanchored Inflation Expectations Shift the Aggregate Supply (AS) Curve Upward:**

The context states that if inflation has been occurring for several years, people might begin to expect a certain level of inflation. These expectations can cause prices, wages, and interest rates to increase annually by the amount of the inflation expected. This phenomenon is described as an ""alternative source of inflationary pressures"" that can occur due to a rise in input prices affecting many firms across the economy.

Chunk 5 explicitly explains: ""A second possibility is that, if inflation has been occurring for several years, people might begin to expect a certain level of inflation. If they do, then these expectations will cause prices, wages and interest rates to increase annually by the amount of the inflation expected.""

Furthermore, Chunk 5 indicates that ""The AD/AS diagram does not show these patterns of ongoing or expected inflation in a direct way."" However, it implies that these expectations contribute to the upward pressure on prices.

Chunk 2 also touches upon this by stating that ""wage rate agreements and rates of inflation together with the reaction of monetary policy to changes in inflation rates move the economy, over time, from short-run to long-run equilibrium."" This suggests that the initial inflation and the agreements made based on those expectations influence the subsequent movement of the economy.

The effect of these expectations on the AS curve can be inferred from how shifts in input prices affect it. Chunk 5 states that ""a rise in input prices that affects many or most firms across the economy—perhaps an important input to production like oil or labor—and causes the aggregate supply curve to shift back to the left."" This shift to the left on the AS curve leads to a higher price level. Unanchored inflation expectations, by causing anticipated increases in wages and prices, act as a form of increased input cost or a driver of price increases, thus shifting the AS curve upwards (or to the left, which is the same direction for the AS curve in relation to price level).

**Central Bank Credibility Requirements for Executing a Low-Sacrifice-Ratio Disinflation Program:**

The context highlights the importance of central bank credibility in the context of adjusting to inflation targets and disinflation.

Chunk 2 states: ""The time required for this adjustment is linked in a very important way to the independence and the credibility of the central bank."" It also mentions that ""if the inflation target is cut, shifting the AD π curve to the left, the economy will go through a recession, and perhaps a prolonged recession, while money wage rate agreements are renegotiated and price setting practices adjust to reflect the new inflation target.""

A ""low-sacrifice-ratio disinflation program"" implies reducing inflation with minimal loss of output and employment. The context suggests that achieving this depends on the speed and effectiveness of wage and price adjustments to the new, lower inflation target. Central bank credibility is presented as a key factor in facilitating these adjustments.

Specifically, Chunk 2 provides an example: ""Canadian experience in the 1990s provides an interesting example. Recessionary gaps were persistent after the Bank of Canada adopted an inflation target of 2 percent at a time when current inflation rates were about 5 percent."" This persistence of recessionary gaps suggests that without sufficient credibility, the economy struggled to adjust to the lower inflation target, implying a higher sacrifice ratio (more output loss) than might be desired.

Therefore, for a low-sacrifice-ratio disinflation program, a credible central bank would need to:

*   **Ensure swift renegotiation of money wage rate agreements:** Workers and firms need to believe the central bank's commitment to lower inflation and adjust their wage demands accordingly.
*   **Facilitate prompt adjustment of price setting practices:** Businesses need to trust that the central bank will maintain its commitment to disinflation, leading them to adjust their pricing strategies to align with the new, lower inflation target.
*   **Exhibit independence:** The context links independence and credibility. An independent central bank is better positioned to make and enforce tough decisions regarding inflation control without undue political pressure, thereby enhancing its credibility.

The context does not explicitly define ""sacrifice ratio,"" but it implies that a credible central bank can lead to quicker adjustments, thereby minimizing the duration and severity of recessions (which represent the ""sacrifice"" in terms of lost output and employment) during a disinflationary period."
Macroeconomic Transmission & Monetary Policy,econ_macro_08,Assess the disintermediation risks to commercial bank balance sheets when a central bank introduces a direct-to-consumer Retail Central Bank Digital Currency (CBDC) during times of systemic banking sector stress.,3.582,"The provided context does not contain information about the disintermediation risks to commercial bank balance sheets when a central bank introduces a direct-to-consumer Retail Central Bank Digital Currency (CBDC) during times of systemic banking sector stress.

However, the context does provide some information related to disintermediation and banking:

*   **Disintermediation:** Disintermediation is characterized by more companies obtaining financing directly from capital markets and more companies and individuals investing directly in capital markets. (Chunk 3)
*   **Bank Balance Sheet and Income Statement:** The intermediary's balance sheet and income statement function as holding tanks for both parties – those who have surplus capital and those who need it. (Chunk 3)
*   **Bank-Based vs. Market-Based Economies:** In a bank-based economy, the capital market is underdeveloped, and bank financing predominates. Conversely, when capital markets are sufficiently developed, companies are no longer restricted to debt and can choose to increase their equity financing. (Chunk 3)
*   **Central Bank Digital Currencies (CBDCs):** The context mentions ""Central Bank Digital Currencies"" and ""Possible Effects of Widespread Adoption of Private Cryptocurrencies,"" as well as ""Potential Benefits of Central Bank Digital Currencies"" and ""Potential Challenges of Central Bank Digital Currencies,"" but does not detail the specific implications of a Retail CBDC on commercial bank balance sheets or the impact during systemic stress. (Chunk 4)
*   **Commercial Bank Balance Sheet:** A balance sheet is described as a financial statement that provides a snapshot of an entity’s financial position at a point in time. It lists assets on the left side and liabilities and net worth on the right side. Liabilities represent claims of non-owners to the entity’s assets, while net worth represents an internal claim to the remaining assets after debts are accounted for. (Chunk 5)
*   **Trade Finance Risks:** Trade finance and services are exposed to various risks, including operational, compliance (particularly anti-money laundering [AML]), and credit risks. (Chunk 1)
*   **Control Systems for Risk Management:** Control systems, including internal and external audits, risk review, quality control, and quality assurance, are used by bank managers to measure performance, make decisions about risk, and assess process and personnel effectiveness. Credit risk control systems help maintain credit risk exposure within parameters set by the board and senior management. (Chunk 2)

The specific question regarding disintermediation risks to commercial bank balance sheets due to a Retail CBDC during systemic stress is not directly addressed by the provided text."
Macroeconomic Transmission & Monetary Policy,econ_macro_09,"Evaluate the transmission of central bank quantitative tightening (QT) on interbank money market liquidity, reverse repo utility, and short-term yield volatility.",5.325,"The provided context does not contain information about quantitative tightening (QT) or its transmission effects on interbank money market liquidity, reverse repo utility, and short-term yield volatility. Therefore, a technical analysis on these specific aspects cannot be produced based on the given chunks.

However, the context does provide information on related concepts such as quantitative easing (QE), central bank balance sheets, reserves, and interest rates, which can be synthesized.

**Quantitative Easing (QE)** is described as a monetary policy tool where central banks purchase securities (like government bonds, private-sector bonds, and other kinds of paper) to increase the monetary base and provide liquidity, especially during financial and economic crises. This process aims to lower interest rates, stimulate borrowing and consumer spending, and support lending in specific markets. QE was used by central banks globally during the 2008-2009 financial crisis and again in March 2020 in response to the pandemic. The Federal Reserve, for instance, dramatically enlarged its balance sheet through asset purchases. The intention of QE is to encourage banks to increase their lending. However, it may fail if institutions do not increase lending, and it can potentially lead to an over-stimulation resulting in a rapid increase in inflation over time.

**Central Bank Balance Sheets and Reserves:** The Federal Reserve (and other central banks) have issued reserves to purchase government bonds, private-sector bonds, and other financial instruments, significantly expanding their balance sheets. These assets are primarily financed by overnight interest-paying deposits from financial institutions held at the central bank, which are referred to as reserves. Reserves have two key characteristics:
1.  **Monopoly Issuer:** The central bank is the sole issuer of reserves and can determine the interest rate paid on them.
2.  **Bank Holdings:** Only banks can hold reserves.

The liability side of a central bank's balance sheet consists of currency (banknotes) and reserves. Together, these form the monetary base. While the central bank controls the sum of currency and reserves, it does not control the breakdown between them. The central bank can, in principle, choose both the quantity of the monetary base and the nominal interest rate paid on reserves. Controlling the quantity of reserves independently of the interest rate depends on the demand for reserves by banks. Before the 2008 financial crisis, central banks typically adjusted the volume of reserves to influence short-term interest rates.

**Impact on Interest Rates and Aggregate Demand:**
*   **Expansionary Monetary Policy (Loose Monetary Policy):** This policy lowers interest rates and stimulates borrowing. In the market for loanable bank funds, an expansionary monetary policy shifts the supply of loanable funds to the right, leading to a decrease in the interest rate. Changes in the central bank's policy instrument (like the interest rate it sets) affect nominal and real interest rates and, in turn, aggregate demand through a transmission mechanism that includes wealth effects, cost of financing effects, and exchange rate effects on components of aggregate expenditure.
*   **Contractionary Monetary Policy (Tight Monetary Policy):** This policy raises interest rates and reduces borrowing in the economy.

**Pitfalls of Monetary Policy:** Monetary policy is considered imprecise due to:
*   **Long and Variable Lags:** Effects occur only after significant and unpredictable time delays.
*   **Bank Behavior:** If banks decide to hold excess reserves, monetary policy cannot force them to lend.
*   **Velocity Shifts:** The velocity of money may change unpredictably.

The basic quantity equation of money is MV = PQ, where M is the money supply, V is the velocity of money, P is the price level, and Q is the real output of the economy.

**Central Bank Tools:** Central banks have three main operating techniques for controlling the money supply:
1.  **Reserve Requirements:** Imposed on commercial banks.
2.  **Open-Market Operations:** Buying or selling securities.
3.  **Bank Rate Setting:** Adjusting the discount rate.

These techniques are used to manage the monetary base, the money multiplier, and interest rates. Central banks can implement monetary policy through control of the monetary base and money supply or through interest rate control, but not both simultaneously. In practice, most central banks use a short-term interest rate as their policy instrument because they cannot control the money supply exactly. For example, the Bank of Canada uses the overnight interest rate as its policy instrument.

**Quantitative Easing (QE) and its Reversal:** Quantitative easing has been used as a temporary emergency measure. Reversing QE involves the Federal Reserve stopping additional loans and selling off accumulated financial securities. The process of unwinding QE is considered potentially more difficult than enacting it. The effectiveness of QE has varied, with QE1 being somewhat successful, while QE2 and QE3 were less so. The tapering of asset purchases is a step towards slowing down QE.

**Specific Central Bank Functions:** Central banks act as bankers to commercial banks and the federal government, and they serve as the lender of last resort to banks. They also manage the monetary base and interest rates to promote economic stability and a low, stable inflation rate.

The context does not detail the specific mechanisms of quantitative tightening (QT) or its effects on interbank money market liquidity, reverse repo utility, or short-term yield volatility."
Macroeconomic Transmission & Monetary Policy,econ_macro_10,Analyze the structural determinants of the Natural Rate of Interest (r*) and evaluate how demographic aging and lower Total Factor Productivity (TFP) constrain central bank terminal policy rates.,6.238,"Based on the provided context, the structural determinants of the Natural Rate of Interest (r*) and the impact of demographic aging and lower Total Factor Productivity (TFP) on central bank terminal policy rates cannot be fully analyzed. The retrieved information does not contain definitions or discussions of the ""Natural Rate of Interest (r*)"" or specific analyses of how demographic aging or lower Total Factor Productivity (TFP) constrain central bank terminal policy rates.

However, the context does provide information related to interest rates, their determination, and their impact on present value and capital demand, which can be synthesized.

**Interest Rates and Their Determination:**

*   **Definition:** The rate of interest, or the interest rate, is defined as an amount of money paid to a lender by a borrower for the use of money during a specific period, expressed as a percentage of the amount borrowed. For instance, if a lender receives $5 for the use of a $100 loan over a year, the annual interest rate is 5% ($5/$100). The $100 is the principal amount, and the $5 is the dollar amount of interest [Chunk 4].
*   **Linkage Mechanism:** Interest rates serve as a linkage mechanism to connect payments that occur at different times. This is crucial when comparing funds spent now with income earned later, or when compensating financial investors who forgo the use of their funds for extended periods until a project yields returns [Chunk 2].
*   **Market for Loanable Funds:** Interest rates are determined in the market for loanable funds. The demand for loanable funds is derived from the demand for capital. At lower interest rates, the quantity of capital demanded increases, which in turn leads to an increase in the demand for loanable funds. The aggregate supply curve of loanable funds is likely upward-sloping [Chunk 1].
*   **Factors Influencing Demand for Capital:** Changes in expectations, new technology, shifts in the demand for goods and services, and changes in relative factor prices are factors that can shift the demand curve for capital [Chunk 1].

**Present Value Calculation:**

*   **Time as a Complicating Factor:** Time complicates the analysis of capital and natural resources because current choices affect future stocks. Future consequences must be considered, and future payments are worth less than equal payments today. Therefore, the dollar value of future consequences needs to be converted to present value [Chunk 1].
*   **Formula for Present Value:** The present value of a future payment is calculated by dividing the amount of that payment by (1 + r)^n, where 'r' is the interest rate and 'n' is the number of years until the payment occurs [Chunk 1].
*   **Factors Affecting Present Value:** The present value of a given future value is smaller at higher values of 'n' (longer time until payment) and at higher interest rates [Chunk 1].

**Capital and Resource Allocation Decisions:**

*   **Capital Acquisition Decision:** Firms decide whether to acquire an additional unit of capital by evaluating its Net Present Value (NPV). When NPV equals zero, the present value of the capital's marginal revenue product equals the present value of its marginal factor cost [Chunk 1]. The choice to acquire capital involves sacrificing consumption today in hopes of future returns, making it an inherently risky decision as returns are not certain [Chunk 2].
*   **Natural Resources:** Markets for natural resources are categorized as exhaustible or renewable. Owners of natural resources have an incentive to consider both future and present demands. Economic rent is defined as the return to a resource in excess of the minimum price required to make it available [Chunk 1]. For potentially exhaustible natural resources like oil, choices in their allocation have lasting, potentially forever, effects [Chunk 2].

**Financial Markets and Monetary Policy:**

*   **Role of Financial Markets:** Financial markets play a significant role in market capitalist economies. Understanding how these markets function and interact with the rest of the economy is essential for a deeper comprehension of macroeconomic policy [Chunk 4].
*   **Monetary Policy:** Monetary policy involves using changes in the money supply to influence aggregate production, the aggregate price level, and unemployment. The Federal Reserve System, through its Board of Governors and the Federal Open Market Committee (FOMC), determines monetary policy. The Fed also acts as a supervisor of banks, a lender of last resort, an issuer of currency, a banker for commercial banks, and a processor of checks [Chunk 3].
*   **Federal Reserve Actions and Interest Rates:** Actions by the Fed, such as reducing reserves, can shrink the money supply, leading to a shortage of money, increased borrowing in the loanable funds market, a rise in the supply of bonds, and consequently, a rise in interest rates and a fall in bond prices [Chunk 3]. For example, the Fed's indication of cutting the federal funds rate by 25 basis points (0.25%) or more in July 2019 was discussed. Motivations for such a cut could include slow business investment and slowing economic growth among trading partners, aiming to counter reductions in aggregate demand and equilibrium real GDP. Another potential motivation was to counter the expansionary monetary policy of the European Central Bank (ECB), which might lead to an appreciation of the U.S. dollar, making U.S. exports more expensive and imports cheaper, thus reducing net exports and aggregate demand [Chunk 3].

**Compound Interest:**

*   **Compound Interest:** When a loan is renewed, compound interest arises. In this scenario, interest payments are calculated on the accumulated principal and previously earned interest. The future value (FV) of a loan grows larger with compound interest over multiple periods [Chunk 4].
*   **Nominal vs. Yield to Maturity:** The nominal (annual) rate of a loan is used to calculate interest based on the loan period and principal. However, when interest is not paid annually, the yield to maturity should be used, as it may differ from the apparent nominal rate [Chunk 5].

The provided context does not contain information to analyze the structural determinants of the Natural Rate of Interest (r*) or evaluate how demographic aging and lower Total Factor Productivity (TFP) constrain central bank terminal policy rates."
International Trade & Geoeconomics,econ_trade_11,Apply Jacob Viner's customs union theory to evaluate trade creation versus trade diversion effects for South Caucasus economies participating in regional free trade agreements along the Middle Corridor.,5.511,"Jacob Viner's customs union theory, as described in the provided context, provides a framework for evaluating trade creation versus trade diversion effects. The theory posits that upon the formation of a customs union, trade liberalization occurs among member countries, accompanied by a common external tariff against non-member countries. The core of Viner's analysis lies in understanding the static and dynamic effects arising from this arrangement.

**Trade Creation:**
This occurs when a member country of a customs union replaces higher-cost domestic production with lower-cost imports from another member country. This shift is beneficial because it leads to an efficiency gain in production and an increase in consumer surplus. Essentially, resources are reallocated to more efficient producers within the bloc.

**Trade Diversion:**
This arises when a participating country in a customs union chooses to consume higher-cost production from within the trading bloc instead of lower-cost production from non-member countries. This shift represents a cost to the economy, as it leads to consumption of goods that are more expensive than they would be if sourced from outside the union.

**Application to South Caucasus Economies in Regional Free Trade Agreements along the Middle Corridor:**

While the provided context extensively discusses the theory of trade creation and trade diversion, and defines customs unions and free trade areas, it does not contain specific information about the economies of the South Caucasus or the Middle Corridor. Therefore, a direct application of Viner's theory to these specific regions based *solely* on the provided text is not possible.

However, we can outline how the theory *would* be applied, drawing from the definitions and concepts present in the context:

1.  **Understanding the Arrangement:** First, it would be crucial to determine if the regional free trade agreements (FTAs) along the Middle Corridor are indeed FTAs (where member countries remove internal trade barriers but maintain independent external trade policies) or customs unions (which also involve a common external tariff). The context notes that trade creation and diversion can occur regardless of whether an FTA or customs union is formed.

2.  **Identifying Trade Flows:** The analysis would involve examining trade patterns for specific goods or sectors between the participating South Caucasus economies and between these economies and non-member countries. This would require data on:
    *   Existing tariffs and trade barriers before the FTA.
    *   Tariffs and trade barriers after the FTA implementation.
    *   Production costs within member countries for specific goods.
    *   Production costs in non-member countries for the same goods.
    *   Demand for these goods within member countries.

3.  **Evaluating Trade Creation:** For a specific good, if a South Caucasus economy, previously producing a good at a higher cost domestically, now imports it from another Middle Corridor FTA member at a lower cost (due to abolished internal tariffs), this would be classified as trade creation. This would lead to an improvement in consumer surplus and an efficiency gain in production for the importing country.

4.  **Evaluating Trade Diversion:** Conversely, if a South Caucasus economy, which previously imported a good from a more efficient non-member country at a lower overall cost (including tariffs), now imports a higher-cost version of the same good from within the FTA due to preferential treatment, this would be trade diversion. This represents a welfare loss and a decrease in economic efficiency for the importing country.

5.  **Net Effect:** The overall welfare impact of the FTA for a participating South Caucasus economy would depend on whether the benefits of trade creation outweigh the costs of trade diversion. The context explicitly states that ""Whether a preferential trade arrangement raises a country’s welfare and raises economic efficiency depends on the extent to which the arrangement causes trade diversion versus trade creation.""

6.  **Static vs. Dynamic Effects:** Beyond the static effects of trade creation and diversion, the context also mentions dynamic effects that arise over time. These include:
    *   Heightened competition.
    *   Economies of scale.
    *   Increased investment.
    *   Productivity improvements.
    *   Greater product diversity.
    These dynamic effects are driven by the expansion of the market. For South Caucasus economies, participation in regional FTAs could potentially stimulate these dynamic effects, leading to long-term economic growth, even if static effects are mixed.

**Missing Information:**
To fully apply Viner's theory to the South Caucasus economies participating in regional free trade agreements along the Middle Corridor, the following specific information, which is not present in the provided context, would be required:

*   Details of the specific trade agreements in place (e.g., tariff reduction schedules, covered goods).
*   Data on the production costs of various goods within the South Caucasus economies.
*   Data on the production costs of the same goods in key non-member trading partners.
*   Information on the volume and value of trade flows between member and non-member countries for relevant sectors.
*   Specific economic structures and market imperfections within these economies that might influence trade patterns.
*   The external tariff policies of the participating countries towards non-members."
International Trade & Geoeconomics,econ_trade_12,"Compare the logistics bottlenecks, customs clearance latency, infrastructure investment budgets, and container transit times across the Trans-Caspian route versus traditional Northern Corridor rail transit.",1.96,"This question cannot be answered from the given source. The provided text discusses logistics bottlenecks, customs clearance, and container transit times, but it does not mention or compare the Trans-Caspian route with the traditional Northern Corridor rail transit. The context focuses on general corridor management, performance measurement, and specific examples like ports in Tunisia and Mexico, and the performance of African corridors. There is no information available to make the requested comparison."
International Trade & Geoeconomics,econ_trade_13,"Analyze the Balassa-Samuelson effect, showing mathematically how productivity growth differentials between tradable and non-tradable sectors lead to domestic real exchange rate appreciation.",4.004,"The provided context does not contain information about the Balassa-Samuelson effect or how productivity growth differentials between tradable and non-tradable sectors lead to domestic real exchange rate appreciation. Therefore, a mathematical analysis of this effect cannot be provided based solely on the given text.

The context does, however, discuss related concepts such as the Heckscher-Ohlin (H-O) theorem, the Stolper-Samuelson theorem, and the real exchange rate in the context of aggregate demand and current account demand.

Specifically:

*   **H-O Theorem:** This theorem demonstrates that differences in national resource endowments (abundancies) are a reason for international trade. It suggests that a capital-abundant country will export capital-intensive goods, and a labor-abundant country will export labor-intensive goods. Trade flows continue until prices of both goods are equalized in the two markets.
*   **Stolper-Samuelson Theorem:** This theorem describes the relationship between changes in output prices (or prices of goods) and changes in factor prices (wages and rents) within the H-O model. It states that an increase in the price of a capital-intensive good leads to a rise in the price of capital (rental rate) and a fall in the wage rate. Conversely, an increase in the price of a labor-intensive good leads to a rise in the wage rate and a fall in the rental rate. Ronald Jones generalized this with a magnification effect for prices, which allows analysis of changes in the prices of both goods and their magnitude on wages and rents, including real wages and rents.
*   **Real Exchange Rate and Aggregate Demand/Current Account Demand:**
    *   The real exchange rate is defined as capturing differences in prices, converted at the spot exchange rate, between the domestic country and the rest of the world (Chunk 4).
    *   An increase in the spot exchange rate or the foreign price level will raise aggregate demand because both changes increase the real exchange rate. Conversely, an increase in the domestic price level will reduce the real exchange rate (as it's in the denominator) and thus reduce aggregate demand (Chunk 2).
    *   There is a positive relationship between the real exchange rate and current account demand, and a negative relationship between disposable income and current account demand (Chunk 4).
    *   Depreciation of the national currency (which affects the real exchange rate) can increase the competitiveness of goods by allowing exporters to reduce their prices in foreign currency, potentially increasing exports and slowing imports (Chunk 5). Conversely, strengthening of the national currency is associated with a decline in exports and an increase in imports.
    *   The net effect of the exchange rate on the trade balance depends on price elasticity. With constant domestic and foreign price levels, net exports depend on real national income and the nominal exchange rate. An increase in real income leads to higher demand for both domestic and foreign goods, thus decreasing net exports (Chunk 5).

The context does not provide any mathematical formulation or discussion of the Balassa-Samuelson effect, which specifically relates productivity growth differentials between tradable and non-tradable sectors to real exchange rate appreciation."
International Trade & Geoeconomics,econ_trade_14,"Evaluate the gravity model of international trade when incorporating multilateral resistance terms, estimating how trade friction elasticities change under sudden sanctions regimes.",4.31,"The provided context extensively discusses the gravity model of international trade, its application, and its relationship with other economic models. However, it does not contain information regarding:

*   Estimating how trade friction elasticities change under sudden sanctions regimes.
*   Specific details on how multilateral resistance terms are incorporated into the estimation process in the context of sanctions.

Therefore, a complete evaluation of the gravity model under such specific conditions cannot be provided based solely on the retrieved context.

However, the context does provide the following details about the gravity model and multilateral resistance terms:

**Gravity Model of International Trade:**

*   **Purpose:** Used to determine the effect of past policy on trade flows by analyzing historical data (""ex-post"" models). It can also be used to simulate the ""ex-ante"" effect of policies if implemented in comparable circumstances.
*   **Core Principle:** The volume of trade between any two countries is positively related to the size of their economies (usually measured by GDP) and inversely related to the trade costs between them.
*   **Theoretical Consistency:** It has been shown to be consistent with models of international trade, including Ricardian comparative advantage and Krugman's new trade theory.
*   **Limitations in Simulations:** Simulations using the gravity model are often interpreted as partial equilibrium analysis because changes in trade from simulations do not feed back into GDP, meaning only trade effects can be determined.
*   **Application in Trade Facilitation Studies:** It is one of the two most commonly used economic approaches (alongside Computable General Equilibrium - CGE models) to estimate the trade impact of trade facilitation reform.

**Multilateral Resistance Terms:**

*   **Definition:** For any two countries, the level of trade not only depends on their bilateral trade costs but also on the barriers they face and impose on the rest of the world. These external barriers are referred to as multilateral resistance terms (Anderson and van Wincoop, 2003).

**Comparison with CGE Models:**

*   **CGE Models:** These are ""ex-ante"" (prospective) computer-based simulations of changes in trade policy designed to answer ""what if"" questions. They allow policymakers to adjust variables (e.g., trade procedures) and obtain expected effects on economic variables. CGE models account for the interdependence of nations, markets, and economic actors. They are calibrated to reproduce observed data for a reference year (baseline) and then modified with policy changes to produce a counterfactual scenario. The difference between the counterfactual and baseline scenarios indicates the causal effect of the policy change. In contrast to partial equilibrium models, CGE models consider the interdependence of nations, markets, and economic actors. They make assumptions about market structure, production technology, consumer preferences, and the substitutability between foreign and domestic product varieties.
*   **Gravity Models vs. CGE Models:** Both are used to estimate the trade impact of reforms. CGE models are ""ex-ante"" simulations, while gravity models are ""ex-post"" econometric models using historical data. The report mentioned uses estimates from both to ensure consistency and provide complementary perspectives."
International Trade & Geoeconomics,econ_trade_15,"Examine the Marshall-Lerner condition and the J-curve effect following a currency devaluation, outlining the temporal lags required for trade volume adjustments to outweigh price effects.",3.797,"The Marshall-Lerner condition posits that an increase in the exchange rate (devaluation or depreciation of the national currency) leads to a rise in net exports, thereby improving the current balance, provided that the absolute value of the price elasticity of export and import is greater than one. This is expressed by the inequality:

$ \epsilon_x + \epsilon_m > 1 $

where $ \epsilon_x $ represents the price elasticity of export and $ \epsilon_m $ represents the price elasticity of import.

The J-curve theory, however, describes a short-term exception to this standard theory. It explains the temporal pattern of change in a country's trade balance in response to a sudden or substantial currency depreciation. The theory suggests that immediately following a depreciation, the current account balance will initially worsen (i.e., the deficit will increase or the surplus will decrease) before eventually improving. This pattern is described as ""J-like"" due to its graphic representation.

The temporal lags required for trade volume adjustments to outweigh price effects are a crucial component of the J-curve effect. In the very short run, after a currency depreciation, contract terms for exports and imports often remain unchanged. The prices and quantities of these goods stay fixed. The primary immediate impact on the current account (CA) formula is the change in the exchange rate itself. If importers have not hedged their trades, an increase in the exchange rate (e.g., E$/£, representing the dollar price of foreign currency) will result in an immediate increase in the value of imports measured in dollar terms. Since prices and quantities have not yet adjusted, the CA balance falls. This initial stage, observed between periods t1 and t2, accounts for the initial downward movement of the J-curve.

As time progresses, contract renegotiations begin to occur, leading to gradual changes in prices and quantities traded. This process involves several time lags:

1.  **Decision to change quantities**: Traders need time to decide to alter the quantities of imports and exports in response to the new exchange rate.
2.  **Conclusion of contracts and supply of goods**: New contracts must be negotiated and concluded, and goods must be supplied at the revised prices.
3.  **Change of production parameters and adaptation**: Production parameters may need to change, and the production process must adapt to the new prices.

These lags mean that the immediate price effect dominates. Imported goods become more expensive for domestic residents, leading to a fall in the quantity of imported goods demanded and purchased. Conversely, exported goods become cheaper for foreigners, prompting an increase in demand for these exports as contracts are renegotiated.

It is only after several months and potentially years pass that these quantity adjustments become significant enough to outweigh the initial price effect. At this point, the increase in the quantity of exports and the decrease in the quantity of imports will cause the current account balance to improve (i.e., the trade deficit decreases or the surplus increases), leading to the upward-sloping portion of the J-curve after time t2.

Therefore, the standard theory, which assumes quantity effects dominate, is qualified by the J-curve theory, which highlights that these dominant quantity or demand effects may take several months or years to become apparent due to these inherent time lags in market adjustment. Empirical studies have shown that in the medium term, the Marshall-Lerner condition typically holds, but in the short term, the J-curve effect is often observed."
International Trade & Geoeconomics,econ_trade_16,Assess Global Value Chain (GVC) integration metrics (forward vs. backward participation rates) in middle-income economies and analyze how rising supply chain regionalization impacts foreign direct investment (FDI).,2.848,"The provided context does not contain information to assess Global Value Chain (GVC) integration metrics (forward vs. backward participation rates) specifically in middle-income economies, nor does it analyze how rising supply chain regionalization impacts foreign direct investment (FDI).

However, the context does provide general information on determinants of GVC participation:

*   **Factor Endowments:**
    *   Endowments of natural resources and land foster forward GVC participation.
    *   Sectors that use high-skilled labor or capital more intensively exhibit stronger GVC participation and gross exports in countries that are relatively more endowed with skilled labor or capital.

*   **Policy and Institutional Factors:**
    *   Liberal trade policy, higher FDI presence, and better institutional quality are important for backward GVC participation. These factors do not matter, or matter in the opposite direction (FDI, political stability), for forward GVC participation.
    *   Input tariffs and market access tariffs reduce GVC participation and gross exports.
    *   Membership in preferential trade agreements (PTAs) and the depth of those agreements increase backward GVC participation.
    *   A better score in the Logistics Performance Index (LPI) is linked to stronger backward GVC participation.
    *   The time required to clear imports weakly reduces backward GVC participation.

*   **Market Size and Other Factors:**
    *   Domestic market size provides a larger pool of local input suppliers, which lowers backward GVC participation but increases forward GVC participation.
    *   Female labor market participation increases backward GVC participation.
    *   The share of the population speaking English as a second language weakly increases both forward and backward GVC participation.
    *   Sectors using the Internet more intensively exhibit stronger GVC participation.

The context also mentions that efficiency-seeking FDI is a critical factor for multinational corporations (MNCs), with political stability, security, legal and regulatory environment, and macro stability being highly important. Low cost of labor and inputs, good physical infrastructure, and available talent/skilled labor are also important for efficiency-seeking FDI."
International Trade & Geoeconomics,econ_trade_17,Analyze the economic impact of Carbon Border Adjustment Mechanisms (CBAM) on heavy-industry exporters in developing nations lacking domestic carbon pricing markets.,5.369,"Based on the provided context, Carbon Border Adjustment Mechanisms (CBAM) are not explicitly mentioned. However, the context does discuss related concepts such as differentiated employment of climate change policies, energy efficiency standards, and their impact on trade, particularly for developing countries. Therefore, an analysis of the economic impact of CBAM on heavy-industry exporters in developing nations lacking domestic carbon pricing markets can be synthesized by drawing parallels from these related discussions.

**Potential Impacts on Heavy-Industry Exporters in Developing Nations Lacking Domestic Carbon Pricing Markets:**

*   **Competitiveness and Market Access:**
    *   **Increased Costs and Reduced Competitiveness:** Similar to how more stringent climate change policies and energy efficiency standards in developed economies can lead to leakage of carbon/energy-intensive industries to developing economies that might not have similar policies (Chunk 1), a CBAM would likely impose additional costs on exports from developing countries that do not have comparable domestic carbon pricing. These costs could stem from the need to comply with the carbon price or equivalent measures applied by importing nations. This would directly affect the competitiveness of heavy-industry exporters, making their products more expensive in target markets.
    *   **Pass-on of Cost Increases:** The ability of companies and sectors to pass on cost increases to customers is a critical factor (Chunk 1). Developing countries often concentrate on the bulk market segment within ""environmentally-sensitive industries"" (e.g., chemicals, metals, minerals, pulp and paper) where higher carbon/energy prices are difficult to pass onto consumers (Chunk 1). This suggests that heavy-industry exporters in such sectors, lacking domestic carbon pricing, would struggle to absorb or pass on the costs associated with a CBAM, leading to significant margin squeezes or a loss of market share.
    *   **Trade Impact of Technical Measures:** The context highlights that ""energy-efficiency standards as likely to have the most significant trade impact of all trade policy tools for climate-change mitigation"" (Chunk 1). While CBAM is a different mechanism, it functions as a trade policy tool related to climate change mitigation. If implemented by major trading partners, it could represent a significant trade barrier, impacting market access for developing country exporters.

*   **Industrial Structure and Carbon Intensity:**
    *   **Challenge of Industrial Structure:** Developing countries face a significant challenge due to their industrial structure and its carbon intensity (Chunk 1). Heavy industries are inherently energy-intensive and carbon-intensive. For developing nations that may have investments in these sectors for industrialization, energy security, or infrastructure development, or are recipients of redeployed carbon-intensive industries from developed countries, a CBAM would directly target these core industrial activities (Chunk 1).
    *   **Concentration on Bulk Markets:** As mentioned, within sectors like chemicals, metals, and minerals, developing countries often focus on the bulk market segment (Chunk 1). This segment is particularly vulnerable to price increases, making it difficult to absorb the costs imposed by a CBAM.

*   **Investment and Redeployment:**
    *   **Redeployment of Industries:** The context notes that investment in energy-intensive industries in developing countries may expand due to the redeployment of carbon-intensive industries from developed countries (Chunk 1). A CBAM, by creating a cost disadvantage for carbon-intensive products from countries without domestic carbon pricing, could potentially slow down or reverse this trend, or create a disincentive for further investment in such industries in developing nations if they intend to export to jurisdictions with CBAMs.

*   **Lack of Domestic Policy Equivalents:**
    *   **Absence of Carbon Pricing Markets:** The question specifies that these developing nations lack domestic carbon pricing markets. This is crucial because it means they are not undertaking domestic measures to price carbon emissions. Consequently, they would not have a mechanism to generate revenue from carbon pricing that could potentially offset some of the costs of a CBAM or fund mitigation efforts, nor would they be internalizing the cost of carbon emissions within their own economies.
    *   **Trade Policy Tools and Climate Change Mitigation:** The World Bank has identified ""energy-efficiency standards as likely to have the most significant trade impact of all trade policy tools for climate-change mitigation"" (Chunk 1). A CBAM, as a border adjustment mechanism related to carbon, would fall under this category of trade policy tools impacting climate change mitigation.

**Missing Information:**

The provided context does not directly define or discuss ""Carbon Border Adjustment Mechanisms (CBAM)"". Therefore, a precise analysis of CBAM's specific design, implementation details, and direct economic effects on developing country exporters cannot be fully extracted. The analysis above is synthesized by inferring potential impacts based on related concepts such as climate change policies, energy efficiency standards, and their documented effects on trade, competitiveness, and industrial structure, particularly in the context of developing nations. Specifically, the direct financial implications, administrative burdens, and potential for trade disputes or retaliatory measures stemming from a CBAM are not detailed in the context."
International Trade & Geoeconomics,econ_trade_18,"Examine the port infrastructure capacity, berth productivity metrics, and rail intermodal connections comparing Poti and Batumi ports in Georgia against Baku International Sea Trade Port in Azerbaijan.",2.208,"I am sorry, but the provided context does not contain any information about Poti and Batumi ports in Georgia or Baku International Sea Trade Port in Azerbaijan. Therefore, I cannot provide a comparison of their port infrastructure capacity, berth productivity metrics, or rail intermodal connections.

The context does mention general constraints on port capacities, such as limited hinterland areas and connections to other transport modes, which can lead to delays and increased variability in handling times. It also discusses Turkey's road-dominated transport system, high costs associated with it, and the role of the private sector in developing logistics services and infrastructure in Turkey. Additionally, it touches upon public-private partnerships in transportation infrastructure development in Turkey, including ports, and the expected tripling of Turkey's container capacity by 2023. There is also information regarding intermodal traffic growth in the US and trade with Mexico and Canada. However, none of this information pertains to the specific ports requested in the question."
International Trade & Geoeconomics,econ_trade_19,"Evaluate nearshoring and friendshoring shifts in global trade routes, identifying how trade redirection impacts transit tariff revenues for intermediate transit corridors.",4.175,"This question cannot be fully answered from the provided context. The context does not contain information on ""nearshoring,"" ""friendshoring,"" or ""intermediate transit corridors.""

However, the context does provide information related to trade costs, tariffs, and trade policy, which can be synthesized.

**Trade Costs and Tariffs:**

*   **Significance of Trade Costs:** Trade costs, which are defined broadly as ""all costs incurred in getting a good to a final user other than the marginal cost of producing the good itself,"" can impede trade as severely as high tariff rates. (Chunk 1)
*   **Components of Trade Costs:** Trade costs include transportation costs (freight costs, time costs, and policy barriers), tariffs, nontariff costs, information costs, contract enforcement costs, costs associated with the use of different currencies, legal and regulatory costs, and local distribution costs. (Chunk 1)
*   **Impact of Policies:** A significant portion of trade costs results from economic policies. Indirect policies, such as transport and regulatory policy, are considered more important in trade costs than direct tariffs and other trade policy instruments. (Chunk 1)
*   **Ad Valorem Tax Equivalent of Trade Costs:** For industrialized countries, the ad valorem tax equivalent of trade costs is estimated at 170 percent. This breaks down into:
    *   21 percent for transportation costs (including 9 percent for the time value in transit).
    *   44 percent for border-related barriers.
    *   55 percent for retail and wholesale distribution costs.
    Trade barriers in developing countries are estimated to be higher than those in industrialized countries. (Chunk 1)
*   **Policy-Related Costs:** Current policy-related costs are often worth more than 10 percent of national income. (Chunk 1)
*   **Nontariff Barriers:** Nontariff barriers can add 70 percent, on average, to the restrictiveness imposed by tariffs alone. (Chunk 1)

**Trade Policy and Agreements:**

*   International trade courses discuss arguments for both free trade policies and protectionist policies, exploring the controversy between them. (Chunk 2, Chunk 4)
*   Past trends include implementing policies that restrict trade and forging agreements to reduce trade barriers. (Chunk 2, Chunk 4)

**Intermodal Transport and Policy Influence:**

*   Government policy typically aims at creating a level playing field for all operators and modes of transport. (Chunk 5)
*   Policies impacting demand through taxation/charging regimes could stimulate intermodal transport. (Chunk 5)
*   Policy can also focus on creating awareness of intermodal transport opportunities within logistics. (Chunk 5)
*   Demand for intermodal transport can be influenced by:
    *   Analyzing best practice models or developing scans to support firms in identifying opportunities.
    *   Influencing the locations of terminal facilities.
    *   Integrating intermodal terminal facilities into loading or dispatching centers.
    *   Establishing covenants between shippers/forwarders and governments.
    *   Stimulating consumer demand for environmentally friendly products. (Chunk 5)

The provided context does not offer data or analysis concerning how nearshoring or friendshoring might impact trade routes or the specific mechanisms by which trade redirection would affect transit tariff revenues for intermediate transit corridors."
International Trade & Geoeconomics,econ_trade_20,Analyze terms of trade (ToT) shocks in commodity-dependent developing economies and evaluate how fiscal rules buffer domestic consumption against severe revenue volatility.,4.948,"The provided context does not contain information about fiscal rules and how they buffer domestic consumption against revenue volatility. Therefore, this part of the question cannot be answered.

However, the context extensively discusses terms of trade (ToT) shocks in commodity-dependent developing economies.

**Terms of Trade (ToT) Shocks in Commodity-Dependent Developing Economies:**

Low-income commodity-dependent developing countries typically rely on one or a few export commodities. This dependence makes them highly vulnerable to trade shocks, leading to an unpredictable existence at both micro and macro levels.

*   **Micro-level Impacts:**
    *   Declining and volatile commodity prices directly and adversely affect the incomes of farmers, agricultural wages, and rural employment.
    *   These price fluctuations hinder rural development prospects and poverty reduction efforts immediately.
    *   Price volatility creates uncertainty regarding investment returns, reducing both the willingness and capacity of farmers and entrepreneurs to invest.
    *   Consequently, commodity producers in these developing countries are disadvantaged when adapting to increasingly harsh international competition and changes in the global marketplace.
    *   In the mining sector (oil and gas, metals and minerals), the plight of small miners, numbering over 30 million in developing countries, needs attention.

*   **Macro-level Impacts:**
    *   Declining and volatile commodity prices often have a direct and negative impact on macroeconomic stability, fiscal balance, and the balance of payments.
    *   A collapse in commodity prices typically triggers an immediate adverse economic multiplier effect.
    *   Reduced spending by farmers and workers leads to the contraction or closure of local businesses.
    *   Governments experience a reduction in revenues and taxes.
    *   These conditions induce or aggravate fiscal deficits, necessitating corrective measures through spending reductions.
    *   A fall in government spending results in further job losses.
    *   It also diminishes the government's capacity to provide essential services like health and education, and to invest in infrastructure such as roads, ports, water supply, and electricity.
    *   Reduced foreign exchange earnings intensify pressure on foreign exchange reserves, limiting import capacity.
    *   This reduction in import capacity consequently lowers external creditworthiness, making debt servicing less sustainable.

**Causes and Mitigation of ToT Shocks:**

The context suggests that key causes of oversupply and market failure contribute to long periods of commodity price declines and sharp price fluctuations. Addressing these causes and mitigating their adverse consequences is deemed necessary at the international level to foster a viable commodity-based development strategy.

**Prospects for Commodity Prices:**

Over the medium to long term, the outlook for world demand for most commodities appears positive, with expectations of relatively high commodity prices. This is attributed to the anticipated rapid economic growth and import demand from developing countries, particularly in Asia, coupled with weak commodity supply capacities and the diversion of some commodities (e.g., sugar, maize) to biofuel production. However, it is considered unlikely that growing imports of primary commodities into Asia alone will reverse the long-term decline in real commodity prices.

**Opportunity from Price Booms:**

The prospect of better prices for a considerable period (potentially up to ten years) offers commodity-dependent developing countries the potential to generate sufficient finances for development and poverty reduction. Harnessing commodity price booms for development is an urgent matter for both developing countries and the international community.

**Challenges in Exploiting Price Booms:**

*   **Translating Higher Prices into Development:** Governments need to effectively translate higher commodity prices into higher revenues, investment in local infrastructure, job creation, and poverty reduction through appropriate revenue sharing and taxation policies.
*   **Core Policy Pursuits:** Governments must also pursue core policies focused on targeting local infrastructure and productive capacity, diversification and value addition, job-creating industries, and poverty reduction schemes.
*   **International Trade Rules:** Adaptation of international trade rules, within which much of the trade occurs, is needed, especially for countries historically at the periphery of world trade and not involved in rule-making.
*   **Financial Resource Mobilization:** Mobilizing financial resources to support trade, including from financial institutions traditionally focused on financing trade within developed regions (""the North""), is essential.
*   **Legal Regimes for Investment:** The suitability of legal regimes governing investment needs to be assessed in light of new investment capital flows between developing countries.
*   **Addressing Causes of Volatility:** Addressing the causes of long periods of commodity price declines and sharp price fluctuations, identified as key causes of oversupply and market failure, is crucial.
*   **Equitable Distribution of Gains:** Ensuring an equitable distribution of trade gains, encouraging value addition and competitiveness within commodity value chains, and improving market access for commodity-based products are important.
*   **Access to Finance and Exchanges:** Improving access for commodity-dependent countries to international finance for development and to commodity exchanges is necessary.
*   **Investment in Upgrading and Diversification:** Investment in upgrading traditional commodity sectors and diversification into non-traditional commodities and local livelihood products is required.
*   **Market Access Standards:** Addressing the proliferation of new product presentations, technical processes, and sanitary and phytosanitary standards (including private standards) for market access, particularly in OECD markets for food products, is a challenge.

The context stresses that the success in addressing these challenges depends on enhancing the enabling environment at all levels to strengthen productive capacity, trade, and investment, allowing commodity-dependent developing countries to exploit market opportunities."
Sovereign Debt & Financial Stability,econ_fin_21,"Analyze the 'Original Sin' hypothesis in emerging market sovereign debt, evaluating how currency mismatches exacerbate fiscal sustainability risks and sovereign credit rating downgrades during balance of payments crises.",7.268,"The provided context does not contain information pertaining to the 'Original Sin' hypothesis. Therefore, an analysis of this hypothesis in emerging market sovereign debt, evaluating how currency mismatches exacerbate fiscal sustainability risks and sovereign credit rating downgrades during balance of payments crises, cannot be provided.

However, the context does offer insights into situations that increase the risk of default on international debt, which are related to currency mismatches and fiscal sustainability.

**Factors increasing the risk of default on international debt due to currency mismatches:**

*   **Foreign Currency Denomination of Debt:** If a significant percentage of a country's net debt is denominated in foreign currency, and the exchange rate is expected to depreciate substantially, the risk of default increases. When a country's currency depreciates, the value of external debt denominated in foreign currency appreciates in domestic currency terms. If this depreciation is sufficiently large, a country may become unable to meet its interest and principal repayments. This is particularly dangerous if the currency value is highly volatile. (Chunk 1, Chunk 2, Chunk 4)
*   **Variable Interest Rates on External Debt:** If interest rates on external debt are variable and suddenly rise, foreign interest obligations can increase, making previously sustainable debt unsustainable. This was a problem for third world countries during the debt crisis in the early 1980s when restrictive monetary policy in the United States pushed up U.S. interest rates, leading to sudden increases in interest obligations for foreign countries. (Chunk 1, Chunk 2, Chunk 4)

**Factors exacerbating fiscal sustainability risks:**

*   **Rising Net Debt Preceding Slower GDP Growth:** If rising net debt is followed by slower GDP growth, it indicates a deteriorating fiscal situation. (Chunk 1)
*   **Rising Net Debt Correlating with Falling Investment:** A correlation between rising net debt and falling investment suggests a weakening economic outlook and reduced capacity for future repayment. (Chunk 1)
*   **Deficits Corresponding to ""Excessive"" Increase in (C + G) per Capita:** If government deficits are associated with an excessive increase in consumption (C) and government spending (G) per capita, especially if G is not capital investment, it points to unsustainable fiscal practices. (Chunk 1)
*   **Inability to Repay Foreign Debt:** Inability to repay foreign debt arises if the value of payments suddenly increases or if the income used to finance those payments suddenly falls. (Chunk 2, Chunk 3)
*   **Recessions:** A country entering a recession implies falling GDP, which reduces the pool of funds available for repayment. If a recession is induced by a reduction in exports due to recessions in major trading partners, the ability to finance foreign interest and principal repayments is reduced, thus increasing the risk of potential default on international obligations. (Chunk 2, Chunk 4)
*   **Trade Surpluses Arising from Currency Depreciation:** A trade surplus that arises rapidly because currency depreciation has forced a sudden change in required repayments on international debt is problematic. This occurs when a series of trade deficits proves unsustainable, and external financing becomes unavailable. The country then faces a rapid shift from spending more than its income to spending less, leading to severe reductions in living standards and investment spending, and potentially plunging the economy into recession. (Chunk 1)

**Consequences of Default and Actions to Avoid Default:**

*   **The True Problem is Avoiding Default:** The real problem often lies not in default itself but in the actions taken to avoid it. (Chunk 2, Chunk 3)
*   **Sudden Increase in Debt Repayment:** If default does not occur but there is a sudden increase in debt repayment obligations, a country might have to begin running current account surpluses to maintain these repayments. This means the country must shift from a state where it spends more than its income to one where it spends less. (Chunk 4)
*   **Reduced Standard of Living and Investment:** Even if GDP remains constant, a rapid reduction in domestic demand, forced by the need to service debt, can lead to severe reductions in the standard of living and investment spending. (Chunk 1)
*   **Recession:** This rapid reduction in domestic demand is generally sufficient to plunge the economy into a recession, which further exacerbates the problem by reducing GDP and the pool of funds available for repayment. (Chunk 1, Chunk 2, Chunk 4)
*   **Impact on International Relationships:** Defaulting on international debt would generally harm international relationships with creditor countries. Foreign banks may become reluctant to provide future loans, particularly impacting less-developed countries that rely on foreign loans for productive investment. (Chunk 3)
*   **Short-Run Benefit of Default:** In the short run, default benefits the defaulting country as borrowed funds are not repaid, allowing for greater spending during periods of trade deficits without the immediate consequence of repayment. (Chunk 3)
*   **Immediate Reduction in Debt Position:** Default causes an immediate discrete reduction in a country's debt position. (Chunk 2, Chunk 3)

**Evaluation of Default Risk:**

*   **Net Debt Position vs. Trade Deficit:** The variable to evaluate the risk of default is the net debt position, not the trade deficit. A trade deficit only indicates the change in the net debt position over the past year and does not reflect total outstanding obligations. A trade deficit can occur even when the net debt position falls, if it's financed by net equity sales rather than net debt. (Chunk 3)
*   **External Debt Relative to Ability to Repay:** Default becomes more likely the larger the external debt relative to the country's ability to repay. (Chunk 5)
*   **Measuring Ability to Repay:**
    *   **Net Debt to GDP Ratio:** GDP measures annual national income, representing the pool from which principal and interest repayment are drawn. A lower net debt to GDP ratio indicates a greater ability to repay. (Chunk 5)
    *   **Net Debt as a Percentage of Exports:** This is particularly relevant when international debt is denominated in foreign currencies, as exports are the primary method to acquire foreign currencies for debt repayment. The potential for default rises if the country's ratio of net external debt to exports is larger. (Chunk 3, Chunk 5)
*   **Excluding Equities from Debt Position:** The international debt position figures include both debt and equities. Only debt can be defaulted on. Equities do not represent contractual obligations, and a country is not forced to repay foreign security holders for losses due to market value drops. Therefore, a proper evaluation of default potential should consider the net international ""debt"" position after excluding the net position on equities. (Chunk 5)
*   **Benign or Beneficial Situations:** The reverse of the problematic situations (listed in Chunk 1) is described as benign or beneficial. (Chunk 1)

The context does not provide specific information regarding sovereign credit rating downgrades or how currency mismatches directly influence them."
Sovereign Debt & Financial Stability,econ_fin_22,"Examine the sovereign-bank 'doom loop' under Basel III capital requirements, analyzing how domestic bank holdings of local sovereign debt amplify systemic risk during sudden fiscal deteriorations.",5.179,"This question cannot be fully answered from the given context. While the context discusses Basel III, capital requirements, and general risks, it does not specifically address the 'sovereign-bank doom loop' or analyze how domestic bank holdings of local sovereign debt amplify systemic risk during sudden fiscal deteriorations.

However, the provided context does offer information related to Basel III, bank capital requirements, and certain risks:

*   **Basel III Context:** Basel III was developed in response to issues in financial regulation highlighted by the 2008 financial crisis. Its aim is to strengthen bank capital requirements by increasing bank liquidity and decreasing bank leverage. Basel III builds upon the Basel II three-pillar approach, enhancing all pillars, particularly the first pillar concerning minimum capital and liquidity requirements. It introduced two liquidity ratios: the Liquidity Coverage Ratio (LCR) and the Net Stable Funding Ratio (NSFR) [Chunk 2].
*   **Capital Requirements and Risk:**
    *   Basel II uses a ""three pillars"" concept: minimum capital requirements (dealing with regulatory capital for credit risk, operational risk, and market risk), supervisory review (supervisors control banks' risk frameworks), and market discipline (encouraging disclosure about risk exposure, capital adequacy, and risk assessment processes) [Chunk 2].
    *   Regulatory requirements, such as Capital Adequacy Ratio (CAR), are prescribed by authorities for firms, especially banks that accept public deposits, to ensure they are adequately capitalized. This is crucial for public confidence, which is foundational to banks' survival [Chunk 4].
    *   Capital Adequacy computation under Basel II requirements was effective as of March 31, 2008. Banks are expected to maintain adequate tier I capital [Chunk 4].
    *   Banks are exposed to credit risk (risk of default from borrowers), operational risk (risk of procedures going wrong), and market risk (risk of market volatility affecting investment values) [Chunk 4].
    *   Minimum capital requirements are calculated for credit risk, operational risk, and market risk. The minimum capital ratio is a percentage (e.g., 8%) of the risk-weighted assets [Chunk 2]. For example, if the value of risk-weighted assets is 1600 million EUR, the minimum capital required is 8% of 1600 million EUR, which equals 128 million EUR [Chunk 2].
    *   The calculation for capital requirements includes the bank's capital ratio (8%) being the sum of credit risk, market risk, and operational risk [Chunk 2].
*   **Liquidity Ratios in Basel III:**
    *   The Liquidity Coverage Ratio (LCR) is defined as the stock of high-quality liquid assets divided by total net outflows over the next 30 calendar days, with a minimum requirement of 100% [Chunk 2].
*   **Financing and Risk Considerations:**
    *   Diversifying creditors and obtaining long-term financing are suggested, as Basel III makes it more difficult for banks to provide such financing [Chunk 1].
    *   Sharing risk in line with creditors' appetite and customizing loans can lead to tighter financing costs [Chunk 1].
    *   Lenders may impose restrictions on shareholders to prevent them from increasing their risk [Chunk 1].
    *   Covenants can force management/shareholders to renegotiate loan agreements if they wish to exceed stipulated limits [Chunk 1].
    *   An increase in the cost of a company's other financings can occur if other lenders lack access to the collateral represented by a specific asset [Chunk 1].
    *   Bank loans, held by a limited number of banks with the means to monitor and renegotiate them, are contrasted with bonds, which are often held by many bondholders, potentially complicating renegotiation [Chunk 1, Chunk 16].
    *   Taking on debt at a floating rate is beneficial if one is betting on a rise in interest rates, as it avoids taking on debt at a fixed rate if a drop was anticipated [Chunk 1].
    *   The value of a debt at a floating rate is stable, with the cost being variability in interest rates on the income statement. Conversely, the annual interest of a debt at a fixed rate is stable, but the value of the debt itself can be variable. Accounting practices may only recognize fluctuations in debt value in notes to accounts [Chunk 1].
    *   Shareholder pressure may lead to calls for returning surplus cash [Chunk 1].
    *   Initiating financial actions following an improvement in financial situation can be considered good management [Chunk 1].
    *   Obtaining a rating or continuing to issue commercial paper even when funds are not immediately needed can be a price paid for maintaining access to these funds [Chunk 1].
*   **Asset Risk Weighting:**
    *   Different asset classes have different risk weightings for capital requirements: cash and government bonds have no risk (0%), interbank loans are low risk (20%), mortgages are moderate risk (50%), and commercial loans are standard risk (100%) [Chunk 2].
    *   An example calculation shows risk-weighted values for different asset classes: interbank loans (500 * 20% = 100), mortgages (600 * 50% = 300), and commercial loans (1200 * 100% = 1200) [Chunk 2].
*   **Political Dimension of Regulation:** The establishment of global standards for bank capital requirements, such as Basel II, can be political due to implications for banks' competitive positions and the cost/availability of funds for borrowers. Elected officials may intervene, and accounting standards can also become political issues [Chunk 3]. There is a risk that technical issues might become subject to political horse-trading [Chunk 3].

The context does not elaborate on the specific mechanisms of a sovereign-bank 'doom loop' or the amplification of systemic risk due to domestic bank holdings of local sovereign debt during fiscal deteriorations."
Sovereign Debt & Financial Stability,econ_fin_23,Assess how macroprudential tools—such as reserve requirements on foreign currency liabilities and countercyclical capital buffers (CCyB)—mitigate systemic credit risks in heavily dollarized banking sectors.,4.235,"The provided context does not contain information about macroprudential tools such as reserve requirements on foreign currency liabilities or countercyclical capital buffers (CCyB), nor does it discuss their role in mitigating systemic credit risks in heavily dollarized banking sectors.

However, the context does discuss several aspects of monetary policy and financial sector regulation that could be relevant to the broader topic of financial stability:

*   **IMF and World Bank Initiatives:** The IMF and World Bank have been involved in strengthening financial sectors by improving supervision and regulation, and assessing countries' financial systems under the Financial Sector Assessment Programme. They have also focused on the involvement of the private sector in crisis prevention and resolution, and extended IMF financial facilities through instruments like the Contingent Credit Line (CCL) as a defense against balance-of-payments problems arising from international financial contagion [Chunk 1].
*   **Fractional Reserve Banking:** This system, where a large percentage of the money supply is made up of uncollateralized loans (e.g., approximately 97% in the UK), offers advantages like increased liquidity but also carries disadvantages such as the moral hazard problem and boom-bust cycles. Central banks control money supply by influencing interest rates and setting capital reserve requirements and adequacy ratios [Chunk 2].
*   **Central Bank Tools for Credit Control:**
    *   **Variable Cash Reserve Requirements (CRR):** Commercial banks are required to maintain a certain percentage of their deposits with the central bank. The central bank can vary this ratio. A higher CRR reduces banks' capacity to create credit, while a lower CRR has the opposite effect. A disadvantage of CRR is that it reduces bank profitability, as the interest paid by the central bank on these deposits is typically lower than what banks can earn from market borrowers. Banks may also face penalties for failing to meet minimum balance requirements, leading them to maintain excess balances [Chunk 3].
    *   **Statutory Liquidity Ratio (SLR):** Commercial banks are required to maintain a percentage of their total deposits in liquid assets such as cash, gold, or approved government securities. By changing CRR and SLR, central banks can control the level of credit in the market [Chunk 3].
    *   **Repo Rate and Reverse Repo Rate:** These are also tools used by central banks, where the repo rate is the rate at which commercial banks borrow money from the central bank [Chunk 3].
*   **Central Bank Digital Currency (CBDC):** The effectiveness of CBDC as a tool to impose negative interest rates on the general public is uncertain. General equilibrium effects and societal acceptance could make such strategies unfeasible. There is a possibility that attempts to broadly implement negative interest rates could lead to a decline in national fiat money if people shift to non-negative yielding alternatives like commodity money or cryptocurrencies [Chunk 4, Chunk 5].
    *   The impact of CBDC on the monetary transmission mechanism is difficult to determine due to uncertainties in its design, the economic environment, and potential structural changes [Chunk 4].
    *   Implementing a CBDC could lead to a more active role for central banks in financial intermediation, potentially introducing volatility in demand for government debt. A general-purpose CBDC might reduce funding to commercial banks, forcing them to increase spreads and transaction fees or shrink balance sheets, with possible adverse economic consequences. A significant risk of CBDC is that it could facilitate a ""flight"" from private financial institutions and markets towards the central bank, especially during systemic financial stress, as people might shift deposits towards perceived safer institutions or government securities. While holding cash is an existing way to shift funds to the central bank, a CBDC could enable ""digital runs"" towards the central bank [Chunk 5].
    *   It is not clear if there is a strong basis at present to issue a CBDC specifically to enhance the efficacy of monetary policy [Chunk 5].

In summary, while the context touches upon tools for credit control and financial sector stability, it does not address the specific macroprudential tools mentioned in the question."
Sovereign Debt & Financial Stability,econ_fin_24,Apply Guillermo Calvo's model of sudden stops in capital flows to examine how real exchange rate depreciation forces sharp current account reversals and domestic balance sheet compression.,4.709,"The provided context does not contain information about Guillermo Calvo's model of sudden stops in capital flows, nor does it discuss domestic balance sheet compression. Therefore, I cannot answer the question regarding these specific topics.

However, the context does provide information on the J-curve effect, which describes the pattern of change in a country's trade balance in response to currency depreciation.

Here's what the context states about the J-curve effect:

*   **Definition:** The J-curve effect describes the pattern of change in a country’s trade balance in response to a sudden or substantial depreciation (or devaluation) of the currency.
*   **Pattern:** After a currency depreciation, the current account balance will first fall for a period of time before beginning to rise as normally expected. If a country has a trade deficit initially, the deficit will first rise and then fall in response to a currency depreciation.
*   **Cause:** Standard theory suggests a positive relationship between an increase in the exchange rate (representing dollar depreciation) and the U.S. current account balance, implying that dollar depreciation should cause an increase in the current account balance. However, in many real-world instances, a depreciating currency tends to cause, at least, a temporary increase in the deficit rather than the predicted decrease. This temporary reversal is explained by the J-curve theory.
*   **Temporal Pattern:** The theory explains the J-like temporal pattern of change in a country’s trade balance following currency depreciation.
*   **Short-run vs. Long-run:**
    *   In the short run, a country's trade deficit is predicted to rise with a currency depreciation.
    *   In the long run, a country's trade deficit is predicted to fall with a currency depreciation.
*   **Impact on U.S. Imports/Exports (with U.S. dollar depreciation):**
    *   The value of U.S. imports is expected to rise in the short run.
    *   The effect on U.S. imports in the short run is an increase.
    *   The effect on U.S. exports in the short run is an increase.
*   **Specific Example (Turkish Lira Depreciation):** The value of Turkish imports is expected to fall in the long run after a Turkish lira depreciation.
*   **Mechanism (Decomposition of Current Account):** The current account balance (CA) is defined as the difference between the value of exports (EX) and the value of imports (IM): CA = EX - IM. The context notes that while the current account includes income payments and receipts, and unilateral transfers, these are usually small and do not play a big role in this discussion. The key aspect is that the CA is measured in ""value"" terms, which are determined by multiplying the quantity of imports/exports by their respective prices. The expanded definition is CA = ΣPEXQEX - ΣPIMQIM.
*   **Timeframe:** The period thought necessary for the CA balance to traverse the J pattern is between one and two years, though this is a rough rule of thumb and can be influenced by other variable changes. The J-curve effect may not always arise.
*   **Relationship to AA-DD Model:** In the AA-DD model, the J-curve effect is assumed not to be operating unless otherwise specified, and it is considered a possible short-term exception to standard theory.
*   **Exchange Rate Representation:** The exchange rate (e.g., E$/£) is represented as the average value of the dollar against all other trading country currencies, often corresponding to a dollar value index.
*   **Initial Effect of Depreciation:** A dollar depreciation (an increase in E$/£) should cause an increase in the CA balance, ceteris paribus, according to standard theory. However, immediately following depreciation, the CA balance falls for a period. In this phase, a CA deficit becomes larger. After this period, the CA balance reverses direction and begins to increase, meaning a trade deficit falls.
*   **Contribution to Current Account Demand:** An increase in export demand and a decrease in import demand both contribute to an increase in current account demand. In the goods market model, an increase in demand leads to an increase in supply to satisfy it, so dollar depreciation should lead to an increase in the actual current account balance.

The context also mentions:
*   A depreciation of the currency can lead to a deep recession, a severe fall in output and employment, and a sharp rise in interest rates, often leading to a banking crisis, as seen in the case of the Mexican crisis. The cost of the Mexican crisis was over 20% of GDP.
*   Massive capital outflows can inflict great damage to an economy very quickly."
Sovereign Debt & Financial Stability,econ_fin_25,Evaluate Debt Sustainability Analysis (DSA) frameworks under stochastic interest-rate-growth differentials (r - g) and primary fiscal deficit trajectories in non-resource emerging markets.,5.733,"Based on the provided context, Debt Sustainability Analysis (DSA) frameworks are discussed in relation to debt dynamics and the debt-to-GDP ratio. The analysis typically involves a dynamic equation for debt:

$D_t = (1 + r_t)D_{t-1} + (G_t - T_t)$

where:
*   $D_t$ is the debt at time $t$.
*   $r_t$ is the interest rate at time $t$.
*   $D_{t-1}$ is the debt at the previous time period.
*   $G_t$ is government expenditure at time $t$.
*   $T_t$ is government revenue (taxes) at time $t$.
*   $(G_t - T_t)$ represents the primary deficit.

To analyze debt sustainability in terms of the debt-to-GDP ratio, the equation is divided by $GDP_t$:

$\frac{D_t}{GDP_t} = (1 + r_t) \frac{D_{t-1}}{GDP_t} + \frac{G_t - T_t}{GDP_t}$

This can be further transformed by considering the growth rate of GDP ($\gamma$), which is the growth rate of $GDP_t$ relative to $GDP_{t-1}$ (i.e., $GDP_t = (1 + \gamma)GDP_{t-1}$):

$\frac{D_t}{GDP_t} = \frac{(1 + r_t)}{(1 + \gamma)} \frac{D_{t-1}}{GDP_{t-1}} + \frac{G_t - T_t}{GDP_t}$

Letting $d_t = \frac{D_t}{GDP_t}$ represent the debt-to-GDP ratio, $g_t = \frac{G_t}{GDP_t}$, and $t_t = \frac{T_t}{GDP_t}$, the equation becomes:

$d_t = \frac{(1 + r_t)}{(1 + \gamma)} d_{t-1} + (g_t - t_t)$

The term $(g_t - t_t)$ is the primary deficit relative to GDP. If this term is negative, it represents a primary surplus $(t_t - g_t)$, denoted as $ps_t$. Thus, the equation can be written as:

$d_t = \frac{(1 + r_t)}{(1 + \gamma)} d_{t-1} - (t_t - g_t)$

In a steady state, where variables are constant ($d$, $r$, $\gamma$), the primary surplus ($ps$) required for the debt-to-GDP ratio to be stable is derived as:

$ps = d \left[ \frac{(1 + r)}{(1 + \gamma)} - 1 \right] = d \left[ \frac{r - \gamma}{1 + \gamma} \right]$

This formula highlights the importance of the interest rate-growth differential $(r - \gamma)$. Practitioners estimate expected growth in the medium term and the interest rate from average interest payments to make this equation workable.

The context also mentions that recent models have emphasized the **stochastic nature of fiscal revenues and expenditures**. By simulating these stochastic processes rather than estimating a single number, these models can compute a distribution function for fiscal results, which allows for the computation of the **value at risk in public debt**.

**Specific to the question of non-resource emerging markets and stochastic interest-rate-growth differentials:**

*   **Stochastic Interest-Rate-Growth Differentials (r - g):** The provided context directly acknowledges that recent models incorporate the stochastic nature of fiscal revenues and expenditures. This implies that DSA frameworks are moving towards accounting for the variability and uncertainty in both interest rates and GDP growth, which constitute the $(r - g)$ differential. The output of these stochastic models is a distribution function for fiscal results, enabling the calculation of the value at risk for public debt.
*   **Primary Fiscal Deficit Trajectories:** The dynamic equation for debt explicitly includes the primary deficit $(G_t - T_t)$. The analysis, especially in a steady-state calculation, determines the required primary surplus to stabilize the debt-to-GDP ratio. The context also provides an example where a country with a high debt-to-GDP ratio and an expected growth rate requires a significant primary surplus to achieve debt sustainability. The discussion on debt sustainability implies evaluating whether current or projected primary deficit trajectories are consistent with maintaining a stable or declining debt-to-GDP ratio.
*   **Non-resource Emerging Markets:** While the context discusses debt sustainability and fiscal policy in general terms, it does not provide specific mechanisms, challenges, or frameworks unique to ""non-resource emerging markets."" The analysis presented is general and can be applied to different types of economies.
*   **Debt Sustainability Analysis (DSA) Frameworks:** The core of the DSA framework presented is the dynamic equation for debt and the condition for stabilizing the debt-to-GDP ratio. This involves assessing whether the present discounted value of debt in the long run is zero (the NPG condition, noted as being imprecise for short-term dynamics) or, more practically, whether the debt-to-GDP ratio is constant or declining. The context also mentions that if a debt trajectory does not fit the intertemporal budget constraint, the debt level is deemed unsustainable, and some sort of change is expected.

**Missing Information:**

The provided context does not offer specific details on:
*   How the stochastic nature of interest rates and growth is modeled in practice within DSA frameworks beyond mentioning ""simulating these processes"" and computing a ""distribution function for fiscal results.""
*   Specific empirical findings or analytical techniques applied to ""non-resource emerging markets.""
*   Detailed methodologies for estimating the parameters ($r$, $\gamma$) in stochastic environments for DSA.
*   The implications of different types of primary fiscal deficit trajectories (e.g., persistent vs. cyclical) on debt sustainability beyond the steady-state calculation."
Sovereign Debt & Financial Stability,econ_fin_26,"Analyze systemic financial contagion using CoVaR and SRISK methodologies, demonstrating how capital buffer deficiencies in tier-one banks propagate systemic liquidity risk.",4.813,"The provided context does not contain information on CoVaR or SRISK methodologies, nor does it detail how capital buffer deficiencies in tier-one banks propagate systemic liquidity risk. Therefore, a full analysis of systemic financial contagion using these specific methodologies cannot be provided based solely on the given text.

However, the context does provide information related to financial risk management and capital adequacy that can be synthesized:

*   **Value at Risk (VaR):** VaR is defined as the potential loss on the value of an asset or a portfolio of financial assets and liabilities, based on the investment timeframe and a confidence interval. It is calculated on the basis of historical data or deduced from normal statistical laws. A key limitation of VaR is that it assumes markets follow normal distribution laws, which can underestimate the frequency of extreme values. Furthermore, VaR provides no information about potential losses when stepping outside the confidence interval.
    *   An example given is a portfolio worth €100m with a VaR of €2.5m at 95% (calculated on a monthly basis), indicating a 5% chance of shrinking by more than €2.5m in one month.

*   **Expected Shortfall (ES):** As a complement to VaR, stress scenarios and stress tests (sensitivity, worst-case scenarios) can be implemented. The average loss beyond the confidence interval, known as Expected Shortfall, measures the average loss over a certain period in a specified percentage of worst cases. For instance, an expected shortfall of €10m over one month and 5% implies that in 5% of months, the portfolio has a probability of suffering an average loss of €10m.

*   **Other Risk Measures:** Firms may compute Earnings at Risk (EaR), Cash Flows at Risk (CFaR), and Corporate Value at Risk (CVaR) to assess the impact of adverse effects on earnings, cash flows, and value over longer periods, from several months up to a year.

*   **Liquidity Risk:** Liquidity risk is measured by comparing contractual debt maturities with estimated future cash flows, using either a cash flow statement or curves. Contracts with clauses related to financial ratios or ratings must be treated carefully, as a worsening in ratios or a downgrade could trigger early repayment of outstanding loans, meaning they should not be classified under debt maturing in more than one year.
    *   Liquidity is the ability to meet financial obligations on time, obtain new financing, and maintain balance between income and expenditure.
    *   In a severe financial crisis, companies may be unable to obtain necessary financing. The more common liquidity risk arises when a company is in trouble and cannot issue acceptable securities.
    *   Liquidity analysis involves examining the term structure of financial resources, both short-term and repayment capacity for medium- and long-term debt. Traditional concepts and ratios like working capital, equity, debt, and current assets/current liabilities are used.
    *   Simulations for liquidity impact should focus on free cash flows, with the analyst simulating different debt levels and repayment terms to test if free cash flows are sufficient to repay borrowings without rescheduling. This is also a method used by rating agencies and bankers.
    *   For companies with high debt, analysts consider worst-case scenarios to identify critical liquidity situations, focusing on the volatility of free cash flows compared to a central scenario.

*   **Solvency:** Debt increases a company's risk of insolvency.

*   **Impact on Earnings:** Debt raises a company's breakeven point due to interest payments acting as a fixed cost.

*   **Capital Adequacy and Regulatory Requirements:**
    *   According to Basel committee norms, banks must maintain adequate tier I capital as a cushion against various risks.
    *   The Reserve Bank of India assigns risk weights to different bank assets (corporate loans, retail loans, investments in financial assets like bonds, shares, derivatives). Risk-weighted assets are computed using these weights.
    *   Banks are required to maintain a 10% capital adequacy ratio, meaning their tier I capital (equity shares) must increase as the value of risk-weighted assets rises. This protects depositors.
    *   Insurance companies are also subject to capital adequacy ratios.
    *   Banks and Non-banking finance companies can raise debt up to 10 times their net worth.

*   **Debt to Equity Ratio Prescribed by Banks:** Banks often mandate minimum debt-to-equity ratios for projects to ensure promoters contribute sufficient equity.

The context touches upon financial risks, liquidity, solvency, and capital adequacy in banking, but it does not provide the specific methodologies (CoVaR, SRISK) or the detailed analysis of how capital buffer deficiencies propagate systemic liquidity risk in tier-one banks as requested."
Sovereign Debt & Financial Stability,econ_fin_27,"Evaluate the resolution strategies for Non-Performing Loans (NPLs) during post-crisis credit contractions, contrasting centralized Asset Management Companies (AMCs) against out-of-court debt restructuring frameworks.",6.118,"The provided context does not contain information on ""post-crisis credit contractions,"" ""centralized Asset Management Companies (AMCs),"" or a direct contrast between AMCs and out-of-court debt restructuring frameworks. Therefore, a comprehensive evaluation of these specific resolution strategies is not possible based solely on the retrieved text.

However, the context does provide details regarding debt restructuring, loan status, and related processes that can be synthesized.

**Loan Status and Restructuring:**

*   **Nonaccrual Status:** A loan must remain in nonaccrual status if any charge-off taken on the asset is not supported by a current, well-documented credit evaluation of the borrower's financial condition and prospects for repayment under revised terms. For a loan to be returned to accrual status, management should consider the borrower's sustained historical repayment performance for a reasonable period before the date of return. A sustained period of repayment performance generally requires a minimum of six months involving payments of cash or cash equivalents. Sustained repayment performance for a reasonable time before restructuring may also be considered when returning an asset to accrual status. Further information on placing loans in nonaccrual status and returning them to accrual status is available in call report instructions.
*   **Troubled Debt Restructuring (TDR):** All restructured loans should be evaluated to determine if they should be reported as a TDR. A restructured loan is considered a TDR for reporting purposes when the bank, due to economic or legal reasons related to a borrower's financial difficulties, grants a concession to the borrower in modifying or renewing a loan that the bank would not otherwise consider. Guidance on reporting TDRs, including characteristics of modifications, is found in call report instructions and OCC Bulletin 2012-10.
*   **Well Secured:** An asset is considered ""well secured"" if it is secured by collateral (liens on or pledges of real or personal property, including securities) with a realizable value sufficient to fully discharge the debt, including accrued interest. Alternatively, it can be secured by the guarantee of a financially responsible party.
*   **In the Process of Collection:** An asset is ""in the process of collection"" if its collection is proceeding in due course, either through legal action (including judgment enforcement procedures) or, in appropriate circumstances, through collection efforts not involving legal action that are reasonably expected to result in repayment of the debt or its restoration to a current status in the near future.

**Restructuring Plans for Companies:**

*   **Viability Requirement:** Restructuring plans are relevant for companies considered viable, provided certain conditions are met. These conditions often involve operational changes in management, strategy, scope, production, or marketing methods.
*   **Capital Structure Adaptation:** Companies undergoing restructuring may also require their capital structure to be adapted to a new environment. This is because, despite viability, they may not generate sufficient cash flows over a foreseeable period to meet their current debts. Consequently, these debts must be reduced, leading to sacrifices from both lenders and shareholders.
*   **Breach of Covenant:** If a company breaches a covenant, it will negotiate a waiver with its banks. This waiver typically involves a commission of 0.5% to 1% of the total debt and an increase in loan margins, reflecting the increased risk (from 0.5% to 2% more than the initial margin).
*   **Financial Restructuring:** This can involve actions such as issuing new securities, negotiating with banks and other creditors, and exchanging debt for equity.
*   **Asset Restructuring:** This can involve selling major assets, merging with another firm, or reducing capital spending and R&D.
*   **Bankruptcy:** This is a federal court proceeding where an insolvent debtor's assets are liquidated, and the debtor is relieved of further liability. Chapter 7 of the Bankruptcy Reform Act pertains to liquidation, while Chapter 11 deals with reorganization.
    *   **Liquidation:** Involves selling all company assets, paying outstanding debts, and distributing any remainder to shareholders, followed by ceasing business operations.
    *   **Reorganization:** A process aimed at reviving a financially troubled or bankrupt firm. It includes restating assets and liabilities, communicating with creditors to arrange repayment maintenance, and extending the company's life through special arrangements and restructuring to minimize the recurrence of past issues.

**Debt Restructuring in International Contexts:**

*   **Sovereign Debt:** For sovereign debtors, where the country guarantees payment, debt restructuring is considered highly possible due to their capacity to pay. This is particularly relevant for alleviating the debt burden of least developed countries and countries with economies in transition. International practice involves the Paris Club (official creditors) and the London Club (private creditors).
*   **Restructuring Measures:** Measures for debt restructuring include transfer payments, debt reduction or full cancellation, conversion of debt into national assets of debtor countries, and recapitalization.
*   **Recapitalization:** This mechanism involves exchanging debts for obligations of debtors or providing new targeted loans to pay off previous debts. It is a popular measure for restructuring debt to commercial bank creditors, as exemplified by the Brady Plan, where banks restructure a portion of a developing country's debt (often lower interest payments) if the government implements macroeconomic and structural changes.
*   **Creditor Negotiation:** Each creditor bank can choose contractual restructuring methods. However, banks commonly establish an Advisory Committee to represent all creditor banks and negotiate with the debtor government.
*   **World Bank Conclusions:** In analyzing multilateral programs to overcome international debt crises in developing countries, the World Bank concluded that internal resources and balanced economic policy play a larger role in a country's economic development than external financing. An excessive focus on external capital can lead to greater issues in the long term.

**Loan Workout Arrangements:**

*   **Prudent Workout Policies:** Banks implementing prudent loan workout arrangements generally avoid examiner criticism, even if restructured loans have weaknesses leading to adverse credit classification, provided management has executed a prudent workout policy, a well-conceived workout plan, borrower debt service analysis, borrower performance monitoring capability, and an accurate internal loan grading system.
*   **Key Elements of a Prudent Workout Plan:** This includes updated financial information on the borrower, project, and guarantors; current collateral valuations; analysis of appropriate loan structure (term, amortization, curtailment, covenants, re-margining); and appropriate legal documentation for changes to loan terms.
*   **Forms of Loan Workouts:** These can include loan renewals or extensions, provision of additional credit, or restructuring with or without concessions. The objective of renewing or restructuring a troubled credit is to improve the bank's prospects for principal and interest repayment, considering borrower repayment capacity, guarantor support, and collateral value.
*   **Adverse Classification:** Renewed or restructured loans to borrowers able to repay under modified terms should not be subject to adverse classification solely due to collateral value declining below the loan balance. Adverse classification is appropriate if well-defined weaknesses exist post-restructuring that jeopardize orderly repayment.
*   **Credit Loss Allowance:** A credit loss allowance methodology consistent with GAAP is necessary, recognizing credit losses timely through provisions and charge-offs.

The provided context does not offer specific details on the comparative effectiveness or mechanisms of centralized AMCs versus out-of-court debt restructuring in the context of post-crisis credit contractions."
Sovereign Debt & Financial Stability,econ_fin_28,Analyze the impact of interest coverage ratio (ICR) decay across corporate sectors on banking sector capitalization under severe macro-stress testing scenarios.,3.513,"The provided context does not contain information regarding the impact of ""interest coverage ratio (ICR) decay across corporate sectors on banking sector capitalization under severe macro-stress testing scenarios.""

However, the context does provide information related to interest coverage and its implications:

*   **Interest Coverage Ratio:** Chunk 4 mentions the ""interest coverage ratio"" and contrasts it with the ""cash flow coverage ratio"" and the ""debt service coverage ratio (DSCR)."" It notes that the cash flow coverage ratio is an improvement over the interest coverage ratio in measuring debt capacity as it ""covers the debt' service burden fully and it focuses on cash flows.""
*   **Debt Service Coverage Ratio (DSCR):** Chunk 4 defines the DSCR as:
    $$DSCR = \frac{PAT_i + DEP_i + INT_i}{LRI_i}$$
    where:
    *   $DSCR$ = debt service coverage ratio
    *   $PAT_i$ = profit after tax for year $i$
    *   $DEP_i$ = depreciation for year $i$
    *   $INT_i$ = interest on long-term loan for year $i$
    *   $LRI_i$ = loan repayment instalment for year $i$
    *   $n$ = period of the loan
    Financial institutions typically consider a DSCR of 2 as satisfactory.
*   **Interest Rates and Creditworthiness:** Chunk 5 explains that interest rates on unsecured loans are related to a client's creditworthiness. The most creditworthy clients pay the prime rate, which is the lowest rate applicable to business loans. Firms with lower creditworthiness are charged higher interest rates. Banks classify credit applicants into risk classes based on factors like long-term debt ratings, stable cash flows, and interest coverage.
    *   **Class 1:** Highest rated; AAA or AA long-term debt; stable cash flows, interest coverage.
    *   **Class 2:** High quality; rated A long-term debt; good interest coverage.
    *   **Class 3:** Upper-medium quality; rated A debt; interest coverage, though good, may be impaired under adverse economic conditions.
    *   **Class 4:** Medium quality; rated BBB debt; adequate interest coverage; limited access to alternative financial markets except during favorable economic periods.
*   **Volatility in Interest Rates:** Chunk 1 highlights that deregulation has led to volatility in interest rates, exposing organizations to higher interest rate risk and necessitating prudent asset-liability management.
*   **Impact of Interest Rates:** Chunk 2 states that interest rates impact the cost of capital for firms wanting to invest in expansion and affect sales of big-ticket items that consumers normally finance (e.g., appliances, cars, homes).

The retrieved context does not provide specific details on how a decay in the interest coverage ratio across corporate sectors would directly impact the capitalization of the banking sector, nor does it discuss macro-stress testing scenarios in this context."
Sovereign Debt & Financial Stability,econ_fin_29,Assess the effectiveness of IMF reserve adequacy (ARA metric) indicators in predicting currency crisis vulnerabilities across emerging market economies.,2.349,"This question cannot be answered from the given source. The provided context discusses the International Monetary Fund (IMF) and its role in international finance, including its lending practices, conditionality, and the concept of moral hazard. It also touches upon international liquidity, its components (gold reserves, dollar and sterling reserves, IMF tranche positions, credit arrangements), and the difficulty in measuring its adequacy. However, there is no mention of a specific ""IMF reserve adequacy (ARA metric)"" or any indicators used by the IMF for predicting currency crisis vulnerabilities. Therefore, an assessment of the effectiveness of such metrics is not possible based on the provided text."
Sovereign Debt & Financial Stability,econ_fin_30,Examine shadow banking expansion and money market fund liquidity vulnerabilities when central bank emergency lending facilities (Lender of Last Resort) are legally restricted to commercial banks.,4.096,"The provided context does not contain information about shadow banking expansion or the specific liquidity vulnerabilities of money market funds when central bank emergency lending facilities are legally restricted to commercial banks. Therefore, I cannot answer this question based on the given text.

However, the context does discuss central bank emergency lending facilities and their impact on liquidity.

*   **New Credit Facilities:** Chunk 1 describes several new credit facilities offered by the Federal Reserve. These facilities differ in terms of collateral used, loan duration, eligible institutions, and cost to the borrower. Examples include the Primary Dealer Credit Facility (PDCF) for primary dealers to obtain overnight loans, and the Term Asset-Backed Securities Loan Facility (TALF) for a wider range of companies to borrow using primary dealers as conduits, backed by qualified asset-backed securities.
*   **Purpose of Facilities:** The common design goal of these facilities is to increase liquidity, which is hoped to stimulate private spending. They are intended to encourage banks to reduce excess reserves and make more loans.
*   **Liquidity Provision and Systemic Risk:** Fed Chairman Ben Bernanke is quoted stating that liquidity provision by the central bank reduces systemic risk by assuring market participants that financial institutions can meet demands for cash without resorting to ""firesales of assets."" Backstopping liquidity needs reduces funding stresses and should increase institutions' willingness to lend and make markets.
*   **Legal Authority:** The legal authority for most of these new credit facilities stems from a section of the Federal Reserve Act that allows the Board of Governors to extend credit to a wider range of market players in ""unusual and exigent circumstances.""
*   **Open Market Operations and Reserves:** Chunk 2 explains how open market operations by the Fed influence reserves in the banking system. When the Fed buys bonds from commercial banks, the banks gain reserves, which can become excess reserves. If banks use these excess reserves to grant loans, new deposits are created, and the M1 money supply expands. Conversely, when the Fed sells bonds to commercial banks, it reduces their reserves, potentially creating a shortfall and leading to a contraction of lending and a fall in the M1 money supply.
*   **Discount Rate:** Chunk 2 also mentions that if the discount rate equals the federal funds rate, banks have an incentive to borrow from the Fed.
*   **Liquidity Definition:** Chunk 5 defines liquidity as ""The degree to which an asset can be easily converted into cash.""
*   **Banking Crises and Liquidity:** Chunk 5 highlights that banking failures create negative repercussions. When banks lack liquidity to invest, businesses dependent on loans struggle to raise capital, leading to declining sales and rising prices. This drives down consumer and investor confidence and reduces overall economic output. Banks themselves perform more poorly due to less capital for investment and acquisition of returns.

The context does not provide details on:
*   The specific mechanisms or extent of ""shadow banking expansion.""
*   The liquidity vulnerabilities of ""money market funds.""
*   Legal restrictions on central bank emergency lending facilities that would *exclude* commercial banks.
*   The specific implications of such a restriction on shadow banking or money market funds."
Multi-Entity Comparative Analysis,econ_comp_31,"Compare the monetary policy frameworks, inflation targeting performance, foreign reserve adequacy metrics (ARA metric), and exchange rate intervention strategies of Georgia, Armenia, and Azerbaijan over recent external shock periods.",5.083,"Based on the provided context, the following can be stated regarding monetary policy frameworks and inflation targeting performance for countries broadly classified as emerging market and developing economies (EMDEs) and advanced economies (AEs), with specific mentions of transition economies:

**Monetary Policy Frameworks and Inflation Targeting Performance:**

*   **General Association with Lower Inflation:** Countries with pegged exchange rate regimes or inflation targeting monetary policy frameworks have exhibited lower and less volatile inflation, with stronger declines since the 1970s compared to other exchange rate and monetary policy regimes. This difference is statistically significant at the 1 percent level. (Chunk 2)
*   **Disinflation and Frameworks:** A median increase of 1-1.2 percentage points in GDP was accompanied by 1-1.2 percentage points stronger than average disinflation over the 1980s-2010s period. (Chunk 2) Furthermore, a median increase of 1.5 percentage points in GDP was associated with a statistically significant 1.5 percentage point stronger disinflation over the past four decades. (Chunk 1)
*   **Pegged Exchange Rate Regimes and Inflation Targeting as Nominal Anchors:** Pegged exchange rate regimes and inflation targeting monetary policy regimes, when supported by other policies, can provide the nominal anchor for inflation expectations. This helps ensure low and stable inflation. (Chunk 1)
*   **Commitment to Discipline:** For countries with weak institutions, a formal pegged exchange rate regime can signal a commitment to monetary and fiscal policy discipline. (Chunk 1)
*   **Inflation Targeting Credibility:** Countries with sufficiently strong institutions capable of implementing credible inflation targeting regimes can anchor expectations at the inflation target. (Chunk 1)
*   **Insulating from Shocks:** A pegged exchange rate or inflation targeting monetary policy regime can ensure that temporary shocks to inflation (e.g., from exchange rate swings or food price spikes) remain temporary and do not pass through to trend or core inflation. (Chunk 1)
*   **Historical Context of Inflation Targeting:** Before the 2008 financial crisis, most advanced-country central banks and a considerable number of emerging-market central banks conducted monetary policy by targeting a short-term interest rate. This was often guided by the objective of keeping inflation close to a predefined target, a practice known as inflation targeting. This approach contributed to a significant decrease in inflation over the preceding two to three decades. (Chunk 3)
*   **Impact on Disinflation:** In transition economies during the 1990s and 2000s, the adoption of a pegged exchange rate regime was linked to disinflation. (Chunk 1)
*   **Cost of Lower Inflation:** In some EMDEs, achieving lower inflation through pegged exchange rates has come at the expense of increased volatility in output growth and inflation. However, in broader samples during earlier periods, pegged exchange rate regimes were associated with more stable inflation. (Chunk 1)
*   **Definition of Pegged Exchange Rates:** Pegged exchange rates are defined, based on a de facto classification, as exchange rates fluctuating within a ±2 percent band or experiencing at most one one-time devaluation over the preceding 11-month period relative to a country-specific reference currency. (Chunk 2)
*   **Definition of Inflation Targeting Regimes:** Inflation targeting regimes (“IT”) are defined as in Caceres, Carrière-Swallow, and Gruss (2016) and the IMF Annual Report on Exchange Arrangements and Exchange Restrictions. (Chunk 2)
*   **Inflation Measurement:** Inflation refers to year-on-year inflation. (Chunk 2)
*   **Statistical Significance:** The difference in inflation levels and volatility between inflation targeting and other regimes is statistically significant at the 1 percent level. (Chunk 2)
*   **Disinflation Differences by Regime:** Differences in disinflation associated with a switch in exchange rate regime and monetary policy regime between the 1980s-2010s are presented using coefficient estimates from bivariate panel regressions. (Chunk 2)

**Foreign Reserve Adequacy Metrics (ARA Metric):**

*   No information regarding the ""ARA metric"" or specific foreign reserve adequacy metrics for Georgia, Armenia, or Azerbaijan is present in the retrieved context.

**Exchange Rate Intervention Strategies:**

*   The context discusses pegged exchange rate regimes and their potential benefits and drawbacks, including signaling commitment to discipline and maintaining competitiveness. (Chunk 1)
*   It also mentions that for countries with weak institutions, a formal pegged exchange rate regime can signal a commitment to monetary and fiscal policy discipline. (Chunk 1)
*   The context notes that if domestic inflation exceeds inflation in the peg country, the domestic economy will continue to lose international competitiveness until inflation rates converge, potentially leading to pressures that test the viability of the peg. (Chunk 1)
*   However, there is no specific discussion or comparison of ""exchange rate intervention strategies"" for Georgia, Armenia, or Azerbaijan.

**Specific Countries (Georgia, Armenia, Azerbaijan):**

*   The provided context does not contain specific details or data pertaining to Georgia, Armenia, or Azerbaijan regarding their monetary policy frameworks, inflation targeting performance, foreign reserve adequacy, or exchange rate intervention strategies. The discussions are general to categories like ""transition economies,"" ""EMDEs,"" and ""AEs."""
Multi-Entity Comparative Analysis,econ_comp_32,Evaluate the comparative impact of migrant remittances versus foreign direct investment (FDI) inflows on current account balances and domestic currency real appreciation across South Caucasus economies.,4.25,"The provided context does not contain information that allows for a comparative evaluation of the impact of migrant remittances versus foreign direct investment (FDI) inflows on current account balances and domestic currency real appreciation across South Caucasus economies. The context discusses remittances and FDI in general terms and provides some data for specific countries or regions, but it does not offer specific data or analysis for the South Caucasus region.

However, the context does provide information regarding the impact of remittances and FDI on economies in general:

**Migrant Remittances:**
*   Remittances from migrants form a substantial proportion of foreign exchange earnings for sending countries and are a stable source of finance for development.
*   In 2005, recorded remittance flows stood at US$249 billion, with $180 billion accounted for by developing countries. These figures could be double if unrecorded flows are captured.
*   For some developing countries and countries with economies in transition, the share of remittances in GDP ranged from 11% (Kiribati) to 31% (Tonga). For the Philippines, it was estimated to be about 13%.
*   Remittances provide direct income benefits to recipients, easing household consumption expenditures and encouraging investments in education, health, and entrepreneurship.
*   World Bank analysis indicates that remittances have been associated with declines in the poverty headcount ratio in some countries: 11 percentage points in Uganda, 6 in Bangladesh, and 5 in Ghana.
*   Remittances have led to a significant increase in the temporary cross-border employment of women, contributing to their economic and social empowerment. For example, in Sri Lanka in 2002, 70% of overseas contract workers were women.
*   As remittances grow and constitute a significant portion of GDP for some low-income countries, efforts are being made to mobilize and channel these funds to maximize their impact on development.

**Foreign Direct Investment (FDI):**
*   **Benefits of FDI to the home country:**
    *   Positive employment effects can arise when a foreign subsidiary creates demand for home-country exports of capital equipment, intermediate goods, and complementary products. For instance, Toyota's investment in Europe benefited Japan's balance-of-payments and employment by importing component parts from Japan.
    *   Benefits arise when the home-country MNE learns valuable skills from foreign markets that can be transferred back, contributing to the home country's economic growth rate through superior management techniques and product/process techniques.
*   **Costs of FDI to the home country:**
    *   **Balance-of-payments concerns:**
        *   The capital account suffers from the initial capital outflow required to finance FDI, though this is often offset by subsequent inflows of foreign earnings.
        *   The current account suffers if the FDI is intended to serve the home market from a low-cost production location.
        *   The current account suffers if FDI substitutes for direct exports.
    *   **Employment concerns:** The most serious concerns arise when FDI is seen as a substitute for domestic production.
*   FDI inflows can make a positive contribution to a host economy by supplying capital equipment, intermediate goods, and complementary products.
*   Sectors like telecommunication, construction activities, and computer software and hardware have been major sectors for FDI inflows in India.

The provided context does not contain specific mechanisms or data to assess the impact of either remittances or FDI on:
*   The current account balance of South Caucasus economies.
*   Domestic currency real appreciation in South Caucasus economies.
*   A comparative analysis between the two."
Multi-Entity Comparative Analysis,econ_comp_33,"Compare the GDP growth rates, domestic inflation rates, public debt ratios, and primary fiscal balances of Georgia, Armenia, and Azerbaijan over recent fiscal cycles.",7.506,"This response compares the GDP growth rates, domestic inflation rates, public debt ratios, and primary fiscal balances of Georgia, Armenia, and Azerbaijan over recent fiscal cycles, based on the provided context.

### Georgia

**GDP Growth Rate:**
*   2017: Not explicitly provided as a single value. However, the context mentions that the strong performance in 2017 resulted in a real GDP growth rate of 7.5 percent, the largest annual expansion in a decade (Chunk 3).
*   Medium-term projection: Expected to converge towards its potential of around 4 percent (Chunk 3).
*   2018-2020 forecast: Growth around the potential growth rate (4 percent), supported by private-sector, export-led activity (Chunk 3).
*   Specific projections from Chunk 5 for Georgia:
    *   2017p: Not a specific number, but the text describes a positive outlook.
    *   2018p: Not a specific number, but the outlook is positive.
    *   2019p: Not a specific number, but the outlook is positive.
    *   2020p: Not a specific number, but the outlook is positive.

**Domestic Inflation Rate:**
*   2017: A period of deflation came to an end, and inflation began rising, reaching an annual rate of 2.6 percent by year-end, within the central bank's target of 4 percent (+/- 1.5 percentage points) (Chunk 1).
*   Outlook: Price pressures are forecast to increase in the short term, mainly due to higher customs duties and excise taxes (Chunk 3).
*   Outlook (Chunk 5): Inflation is envisaged to remain well contained, converging to the NBG’s target of 3 percent by year-end 2018.

**Public Debt Ratio:**
*   Georgia's public debt is projected to remain stable as the fiscal deficit is gradually reduced to 3.0 percent of GDP by 2020 (Chunk 5). Specific figures for recent fiscal cycles are not provided.

**Primary Fiscal Balance:**
*   Armenia's Primary Balance (% of GDP) for recent fiscal cycles are:
    *   2012: -2.2
    *   2013: 0.7
    *   2014: 0.2
    *   2015: 0.1
    *   2016: 0.9
    *   2017: 1.1
    (Chunk 1)

### Armenia

**GDP Growth Rate:**
*   2017: Real GDP expanded by 7.5 percent, the highest rate of growth since 2007, following a flat performance in 2016 (Chunk 1).
*   2017 (Chunk 3): Domestic demand supported a real GDP growth rate of 7.5 percent in 2017, the largest annual expansion in a decade.
*   Medium-term projection: Expected to converge towards its potential of around 4 percent (Chunk 3).
*   2018-2020 forecast: Growth around the potential growth rate (4 percent), supported by private-sector, export-led activity (Chunk 3).

**Domestic Inflation Rate:**
*   2017: Inflation began rising, reaching an annual rate of 2.6 percent by year-end, within the central bank's inflation target of 4 percent (+/- 1.5 percentage points) (Chunk 1).
*   Outlook: Price pressures are forecast to increase in the short term, mainly due to higher customs duties and excise taxes (Chunk 3).

**Public Debt Ratio:**
*   No specific figures for public debt ratios for Armenia are provided in the context. However, the fiscal deficit narrowed slightly in 2017 to 4.7 percent of GDP, down from 5.5 percent in 2016 (Chunk 1).

**Primary Fiscal Balance:**
*   Armenia's Primary Balance (% of GDP) for recent fiscal cycles are:
    *   2012: -2.2
    *   2013: 0.7
    *   2014: 0.2
    *   2015: 0.1
    *   2016: 0.9
    *   2017: 1.1
    (Chunk 1)

### Azerbaijan

**GDP Growth Rate:**
*   2017: The economy grew at 2.4 percent year-on-year (y/y), a rebound from a contraction of 2.5 percent y/y in 2016 (Chunk 2).
*   2017 (Chunk 4): The Azerbaijani economy had a very modest recovery in 2017, with the non-oil sector rebounding by 2.7 percent year-on-year (y/y), while oil GDP contracted by 5 percent y/y.
*   Real GDP growth, at constant factor prices:
    *   2015: 1.0
    *   2016: -3.1
    *   2017 e: 0.1
    *   2018 f: 1.8
    *   2019 f: 3.8
    *   2020 f: 3.2
    (Chunk 2)
*   Real GDP growth, at constant factor prices (Chunk 4 refers to Armenia, but the table structure suggests it might be Azerbaijan if interpreted differently, however, the figures do not align with other Azerbaijan data):
    *   2015: 4.3
    *   2016: 0.7
    *   2017: 7.2 (This value appears inconsistent with other Azerbaijan GDP growth data.)

**Domestic Inflation Rate:**
*   2017: Annual end-year inflation declined from 15.6 percent in 2016 to 7.9 percent in 2017 (Chunk 4).
*   Inflation (Consumer Price Index):
    *   2015: 7.7
    *   2016: 15.6
    *   2017 e: 7.9
    *   2018 f: 6.4
    *   2019 f: 4.2
    *   2020 f: 3.9
    (Chunk 2)

**Public Debt Ratio:**
*   Azerbaijan's Debt (% of GDP) figures from Chunk 4 (which seems to detail another country, potentially Armenia based on other data, but the structure is similar):
    *   2015: 48.7
    *   2016: 56.6
    *   2017: 58.8
    *   2018: 58.6
    *   2019: 58.3
    *   2020: 57.5
    (Chunk 4)
*   Note: The context of Chunk 4 needs careful interpretation as it lists metrics like ""Debt (% of GDP)"" alongside other country-specific data. Assuming this pertains to Azerbaijan based on the structure of the comparison requested.

**Primary Fiscal Balance:**
*   Azerbaijan's Primary Balance (% of GDP) from Chunk 2:
    *   2015: -5.5
    *   2016: 1.0
    *   2017 e: -0.4
    *   2018 f: 1.7
    *   2019 f: 2.3
    *   2020 f: 2.7
    (Chunk 2)
*   Azerbaijan's Primary Balance (% of GDP) from Chunk 4:
    *   2015: -3.0
    *   2016: -3.6
    *   2017: -2.7
    *   2018: -0.5
    *   2019: -0.3
    *   2020: 0.0
    (Chunk 4)
    *Note: There are two sets of Primary Balance data for Azerbaijan. Chunk 2 shows data from World Bank, Poverty & Equity and Macroeconomics, Trade & Investment Global Practices, with notes: ""e = estimate, f = forecast. Fiscal accounts are calculated using Global Economic Prospects oil projections."" Chunk 4 also lists Primary Balance (% of GDP) with similar notes, and includes ""Debt (% of GDP)"" data. The discrepancy in the Primary Balance figures between Chunk 2 and Chunk 4 for Azerbaijan warrants noting. For consistency, the data from Chunk 2 is prioritized as it is explicitly linked to ""Fiscal accounts are calculated using Global Economic Prospects oil projections.""*"
Multi-Entity Comparative Analysis,econ_comp_34,"Contrast the structural governance, asset allocation strategies, and fiscal rule withdrawal mechanisms of sovereign wealth funds in oil-exporting states (e.g., SOFAZ in Azerbaijan) against non-resource stabilization funds.",3.972,"The provided context does not contain information on non-resource stabilization funds, nor does it directly contrast their structural governance, asset allocation strategies, or fiscal rule withdrawal mechanisms against sovereign wealth funds in oil-exporting states like SOFAZ in Azerbaijan. Therefore, a comprehensive comparison as requested is not possible based solely on the provided text.

However, the context does offer specific details regarding SOFAZ (Sovereign Wealth Fund of Azerbaijan), which can be extracted.

**SOFAZ (Sovereign Wealth Fund of Azerbaijan):**

*   **Role and Funding:** SOFAZ's assets rose by 8.02 percent year-over-year and totaled US$35.8 billion (about 87% of GDP) in January 2018. This increase was mainly due to higher oil prices and a portfolio revaluation [Chunk 3]. The fund is a source of budget transfers to the government [Chunk 5].
*   **Fiscal Impact:** In June 2017, the Government of Azerbaijan (GoA) relaxed its fiscal consolidation program, revising public spending upwards primarily to inject capital equivalent to 0.7 percent of GDP into the Azerbaijan Deposit Insurance Fund (ADIF) [Chunk 3]. ADIF was established in 2007 to protect individual deposits when banks are closed [Chunk 5].
*   **Medium-Term Fiscal Projections:** The consolidated fiscal balance is likely to be slightly positive in 2018 and is estimated to average 1.3 percent of GDP in the medium term, as oil prices remain firm and gas exports rise [Chunk 5].
*   **Risk of Procyclical Policy:** Following the recovery in oil prices after the 2014-16 shock, the likelihood of a procyclical economic policy rather than economic reforms to stimulate growth is rising [Chunk 5].

**Structural Governance, Asset Allocation, and Withdrawal Mechanisms (Limited Information for SOFAZ):**

*   **Asset Allocation:** The context mentions that SOFAZ's asset rise was ""mainly due to higher oil prices and a portfolio revaluation"" [Chunk 3]. This suggests that asset values are influenced by market conditions and the fund's investment performance, but no specific asset allocation strategies are detailed.
*   **Fiscal Rule Withdrawal Mechanisms:** The context indicates that SOFAZ's assets are used to finance an increase in budget transfers from the sovereign wealth fund for fiscal stimulus in 2018 through boosting capital spending [Chunk 5]. It also mentions transfers from the Oil Fund to the central bank helped maintain a stable exchange rate in 2017 [Chunk 3]. The fiscal consolidation program was relaxed with public spending revised up to inject capital into ADIF [Chunk 3]. These examples illustrate the use of SOFAZ funds for public spending, capital injection, and supporting monetary policy, but do not define specific ""fiscal rule withdrawal mechanisms"" in a structured manner.

**Information Gaps:**

The provided context does not detail:
*   The specific structural governance framework of SOFAZ.
*   The precise asset allocation strategies employed by SOFAZ.
*   Formalized fiscal rule withdrawal mechanisms of SOFAZ or any other sovereign wealth fund.
*   Any information on non-resource stabilization funds."
Multi-Entity Comparative Analysis,econ_comp_35,"Compare banking sector financial soundness metrics—specifically Loan-to-Deposit (LTD) ratios, NPL ratios, capital adequacy ratios (CAR), and FX loan shares—between Georgia and Armenia.",1.779,"I am sorry, but I cannot answer your question. The provided context chunks do not contain any information about the banking sector, financial soundness metrics, or data specific to Georgia and Armenia. Therefore, I cannot perform the requested comparison."
Multi-Entity Comparative Analysis,econ_comp_36,"Evaluate trade tax revenue share, value-added tax (VAT) efficiency ratios, and corporate income tax regime structures across South Caucasus economies.",3.741,"This document does not contain information about the trade tax revenue share, value-added tax (VAT) efficiency ratios, or corporate income tax regime structures specifically for South Caucasus economies.

However, the context does provide information on related topics:

**Trade Tax Revenue:**
*   Trade taxes account for approximately 25 percent of state revenues in Sub-Saharan Africa (Baunsgaard and Keen 2005, p. 3).

**Value Added Tax (VAT):**
*   VAT is an indirect tax on transactions. Theoretically, the tax base is the value added of the product or service between phases of production. In practice, the taxpayer pays the VAT rate based on the whole value, but previously paid VAT for purchased products and services is deductible.
*   The GDP (Gross Domestic Product) contains the VAT.
*   If the VAT rate is 20%, the amount of VAT will be 16.67% of the GDP. This is illustrated by the equation: GDP = (1 + 0.20) * (GDP - VAT), which can be rearranged to show VAT as a percentage of GDP.
*   VAT fraud is a significant issue, costing as much as 2–4 percent of total VAT receipts, which is about half the union’s budget (Baldwin 2007).
*   Three options for a definitive system to reduce VAT fraud have been considered: a harmonized VAT plus national sales tax system (VIVAT), a reverse charge system, and collection on the origin principle.
*   The European Union's Value Added Tax administration faces issues like missing traders and carousel fraud.

**Corporate Income Tax:**
*   The gross income from capital is the companies’ taxable profit charged by the corporate tax.
*   After paying corporate tax, a company can reinvest and/or pay dividends to owners. Owners receive net capital income after deducting capital gains tax.

**General Economic Groupings and Regional Integration:**
*   The document lists numerous countries within various regions and economic groupings, including Europe, Africa, North America, and South and Central America. The Commonwealth of Independent States (CIS) is also listed, which includes countries like Armenia, Azerbaijan, Belarus, Georgia, Kazakhstan, Kyrgyz Republic, Moldova, Russian Federation, Tajikistan, Turkmenistan, Ukraine, and Uzbekistan. (Chunk 3)
*   Regional integration and customs unions initiatives often focus on trade facilitation, modernizing and simplifying procedures, and expediting the movement of goods. However, there is a gap between proposals and implementation.
*   Trade facilitation provisions of customs unions and Regional Trade Agreements (RTAs) usually include commitments to apply GATT article VII for the valuation of goods, accede to and implement the WCO’s Revised Kyoto Convention, apply modern procedures like risk management and automation, and make the amendment, application, and interpretation of customs laws more transparent.
*   Customs unions can also involve liberalizing the movement of persons, as seen in the European Union, the Common Market for Eastern and Southern Africa, and the Economic Community of West African States, granting rights to enter member countries without visas and to access local labor markets.

No specific data regarding tax revenue shares or efficiency ratios for the South Caucasus region (which typically includes Armenia, Azerbaijan, and Georgia) was found in the provided context."
Multi-Entity Comparative Analysis,econ_comp_37,"Compare energy matrix composition, electricity generation capacities, and energy import dependency metrics between Georgia, Armenia, and Azerbaijan.",2.95,"Based on the provided context, the following information can be extracted regarding the energy matrix composition, electricity generation capacities, and energy import dependency metrics for Georgia, Armenia, and Azerbaijan:

**Georgia:**

*   **Energy Matrix Composition/Electricity Generation:** Georgia has historically benefited from inexpensive hydropower, which has contributed to high per capita electricity consumption.
*   **Electricity Generation Capacities:** Not explicitly detailed, but Bitfury previously operated a 20MW data center in Gori and a 40MW mining facility in Tbilisi.
*   **Energy Import Dependency:** Mining activities have had a ""striking impact on electricity consumption, turning Georgia from a net exporter to a net importer of electricity."" Estimates suggest that 10 to 15 percent of Georgia's electricity demand is devoted to cryptocurrency mining, and this figure could be higher due to the difficulty of observing small-scale mining. Per capita electricity consumption in Georgia was 3,343 KWh in 2016. Between 2014 and 2016, per capita energy consumption increased by 655 KWh, with 590 KWh (18% of total demand) remaining unexplained by income rises.

**Armenia:**

*   **Energy Matrix Composition/Electricity Generation:** Not detailed in the provided context.
*   **Electricity Generation Capacities:** Armenia is set to be home to a 50MW mining farm.
*   **Energy Import Dependency:** Not detailed in the provided context.

**Azerbaijan:**

*   **Energy Matrix Composition/Electricity Generation:** Not detailed in the provided context.
*   **Electricity Generation Capacities:** Not detailed in the provided context.
*   **Energy Import Dependency:** Not detailed in the provided context.

**Comparison Summary:**

The provided context offers specific details on Georgia's shift from electricity exporter to importer due to cryptocurrency mining and highlights its high per capita electricity consumption. For Armenia, a specific upcoming mining farm capacity is mentioned. Azerbaijan's energy matrix, generation capacities, and import dependency are not detailed in the retrieved text. Therefore, a comprehensive comparison across all three metrics for all three countries is not possible based solely on the provided chunks."
Multi-Entity Comparative Analysis,econ_comp_38,"Analyze comparative labor market dynamics across the South Caucasus, comparing labor force participation rates, structural youth unemployment, and worker remittance intensity.",4.186,"The provided context does not contain information about labor market dynamics in the South Caucasus, nor does it offer data on structural youth unemployment or worker remittance intensity for any region. Therefore, a comparative analysis of these specific aspects across the South Caucasus cannot be performed based on the given text.

However, the context does provide definitions and formulas for key labor market indicators:

*   **Labour Force**: Defined as adults who are employed plus those who are not employed but are actively looking for work (Chunk 3).
*   **Employment**: Defined as the number of adults employed full-time, part-time, and self-employed (Chunk 3).
*   **Unemployment**: Defined as the number of adults not working but actively looking for work (Chunk 3).

The context also details the following rates:

*   **Participation Rate**: This is the proportion of the surveyed population that is either working or unemployed. It measures the size of the labor force relative to the surveyed population.
    *   Formula:
        Participation Rate = (Labour force / Population 15+ yrs) × 100 (Chunk 3)
    *   Changes in the participation rate can occur as people become more optimistic about finding employment or discouraged by periods without employment. Discouraged workers, who want to work but are no longer looking because they believe suitable work is unavailable, are excluded from the labor force measurement, thus reducing the participation rate. Fluctuations in the participation rate can alter the size of the labor force and the unemployment rate even if employment and the population remain constant (Chunk 3).

*   **Unemployment Rate**: This is the number of unemployed persons expressed as a percentage of the labor force.
    *   Formula:
        Unemployment Rate = ((Labour force − employment) / Labour force) × 100 (Chunks 3, 5)
    *   The unemployment rate is influenced by the participation rate. An increase in job prospects can lead people to start looking for work, raising the participation rate and labor force, and consequently increasing the unemployment rate. Conversely, if people become discouraged and stop looking for work, the participation rate and labor force decline, leading to a decrease in the unemployment rate (Chunk 3).
    *   The unemployment rate has three main components:
        *   **Cyclical unemployment**: This type of unemployment would be eliminated by higher levels of economic activity without increasing wage rates or inflation (Chunk 5).
        *   **Frictional unemployment**: This arises from the dynamics of the labor market, where changing labor force participation and employment opportunities necessitate time to match job openings with candidates (Chunk 5).
        *   **Structural unemployment**: This reflects disparities between labor force characteristics and employment opportunities that occur as the economy's structure changes (Chunk 5).
    *   Frictional and structural unemployment together constitute the ""full employment"" level of unemployment, referred to as the **natural unemployment rate**. In Canada, recent estimates suggest a natural unemployment rate of approximately 6.0 percent. An unemployment rate consistently below 6.0 percent could lead to inflationary pressures in the labor market and the economy (Chunk 5).

*   **Employment Rate**: This is the percentage of the population aged 15 years and over that is employed.
    *   Formula:
        Employment Rate = (Employment / Population 15+ yrs) × 100 (Chunk 5)
    *   Employment rates offer a different perspective on labor market conditions because they are not affected by changes in the participation rate, which can influence unemployment rates. For instance, if individuals become discouraged and cease their job search, the participation rate, labor force, and unemployment rate might decrease, but the employment rate remains unchanged (Chunk 5).

The provided context also includes references to data sources related to labor force characteristics by race and ethnicity, employment status by sex and age, and labor force projections, but it does not present the data itself in a way that allows for regional comparisons or specific analyses of youth unemployment or remittances. For example, publications from the U.S. Bureau of Labor Statistics and U.S. Department of Labor are listed (Chunks 1, 4), as is a reference to youth unemployment in OECD countries (Chunk 2), but without specific data points for the South Caucasus."
Multi-Entity Comparative Analysis,econ_comp_39,Contrast institutional mandates and structural reform progress under EU Association Agreements versus regional customs unions across South Caucasus economies.,2.161,"This question cannot be answered from the given context. The provided text discusses various forms of economic integration, including customs unions, common markets, and economic unions, with examples such as the EU and the United States. It also touches upon the objectives and challenges of these arrangements, such as policy coordination, free movement of factors of production, and fiscal concerns.

However, the context does not contain any information regarding:
*   **EU Association Agreements:** There is no mention of specific association agreements that the EU might have with any region or countries.
*   **South Caucasus Economies:** The specific economies of the South Caucasus region are not discussed or referenced in any way.
*   **Institutional Mandates and Structural Reform Progress:** Consequently, there is no comparative analysis or discussion of institutional mandates or the progress of structural reforms under EU Association Agreements versus regional customs unions within the South Caucasus economies."
Multi-Entity Comparative Analysis,econ_comp_40,"Compare the transmission of regional food and energy price shocks to consumer price indices (CPI) across Georgia, Armenia, and Azerbaijan based on consumption basket weightings.",4.303,"The provided context does not contain information about the transmission of regional food and energy price shocks to consumer price indices (CPI) across Georgia, Armenia, and Azerbaijan. Therefore, a comparison based on consumption basket weightings for these specific countries cannot be provided.

However, the context does offer general information on how CPIs are constructed and the factors influencing them, which are relevant to understanding the concept:

*   **Harmonised Index of Consumer Prices (HICP) and National Baskets:** The HICP is harmonised across countries with the same categories of goods and services and calculation methods. However, the composition of the HICP is designed on an individual country basis. The ""weight"" given to each product in a national shopping basket reflects its share of households' spending in that specific country. For instance, a product purchased more frequently in Country A (e.g., olive oil) will have a higher weight than in Country B, where a different product (e.g., butter) might be more common. This implies that the impact of price changes in specific goods, like food, would be reflected differently in each country's CPI based on these national weights.

*   **Exclusions from CPI:** Only monetary transactions conducted directly by households are included. Services provided by the state (like healthcare and education), imputed prices, transfers in kind, asset prices, and interest rate developments are excluded from the HICP.

*   **Basket Composition and Updates:** The range of products and services in the HICP consumption basket is based on the European Classification of Individual Consumption by Purpose (ECOICOP). Granularity was added in 2016 to include lower levels of index aggregation for product-level details.

*   **Central Bank Reactions and Core Inflation:** Central banks may not always react to first-round effects of price changes from indirect taxes or administered/regulated prices, even if they are in the targeted index. They often use measures of ""core"" inflation that exclude volatile components or those most affected by transitory shocks, such as energy prices. This suggests that energy price shocks might be treated differently depending on whether headline or core inflation is being considered.

*   **CPI Construction:** The Consumer Price Index (CPI) measures the average level of prices of goods and services relative to a base year. The quantities of goods purchased are assumed to remain fixed from year to year, determined by surveys of average quantities purchased by a typical household. This collection of quantities is called the average market basket. The cost of this market basket is calculated by summing the product of the price and quantity for each item (CB = P1Q1 + P2Q2 + ... + PnQn). The CPI is then derived by dividing the cost of the market basket in the current year by its cost in the base year and multiplying by 100.

*   **Limitations of CPI:** A key limitation is the possibility that consumers change their purchasing mix over time. If the price of a good rises, consumers may substitute it with a lower-priced alternative. Since the consumer basket remains fixed in the standard CPI calculation, it can overstate price increases due to this ""substitution bias."" Another bias is the ""new goods bias,"" where the CPI does not reflect the prices of new goods that enter the market. ""Quality change bias"" also affects reliability when the quality of a good increases with its price, and the CPI only registers the price increase without accounting for the quality improvement.

*   **Specific Price Indices:** Beyond the general CPI, other indices exist. The Producer Price Index (PPI) is based on prices paid by producers. The GDP deflator includes all GDP components (consumption, investment, government, exports minus imports). Experimental price indices are also calculated for specific groups or categories.

While the context explains the mechanics of CPI construction and the general principle of national consumption baskets influencing weights, it does not provide country-specific data for Georgia, Armenia, or Azerbaijan, nor does it detail how food and energy price shocks are transmitted through their respective CPIs."
Applied Econometrics & Structural Modeling,econ_em_41,"Formulate a Structural Vector Autoregression (SVAR) model using Sign Restrictions to disentangle aggregate demand, aggregate supply, and monetary policy shocks in a small open economy.",3.682,"The provided context does not contain information on formulating a Structural Vector Autoregression (SVAR) model using Sign Restrictions to disentangle aggregate demand, aggregate supply, and monetary policy shocks. Therefore, I cannot answer this question based on the given text.

However, the context does discuss related concepts:

*   **Regression Analysis:** This is a method used for prediction and forecasting, understanding relationships between dependent and independent variables, and in restricted circumstances, inferring causal relationships. It can be parametric (e.g., linear regression, ordinary least squares) or nonparametric. (Chunk 1)
*   **Vector Autoregression (VAR) Methodology:** This is a statistical methodology for time series analysis that models interdependencies between multiple time series variables. Key steps include data preparation (ensuring stationarity), model specification (number of lags, constant term, types like VARX or VEC), estimation (using OLS or maximum likelihood), diagnostics (residual, serial correlation, ARCH tests), and forecasting. Software packages like R, Python, MATLAB, and EViews can be used. (Chunk 2)
*   **VAR Model Estimation and Evaluation Example:** An example demonstrates estimating a VAR model with 2 lags and a constant term on differenced, stationary data (unemployment rate and total population). It highlights the use of `VAR()`, `summary()`, `serial.test()`, and `arch.test()` functions from the `vars` library in R. Diagnostic tests check for serial correlation and conditional heteroskedasticity (ARCH effects) in residuals. (Chunk 3)
*   **VAR Forecasting Example:** The `predict()` function is used to generate forecasts from an estimated VAR model, which can then be visualized using `autoplot()`. (Chunk 3)
*   **Aggregate Demand/Aggregate Supply (AD/AS) Model:** This model is used as a diagnostic test to understand the economy's current state, illustrating Say's Law and Keynes' Law. It identifies three zones of the SRAS curve: Keynesian (flat, left, AD determines output, low price pressure), neoclassical (near-vertical, right, SRAS determines output near potential GDP, price level is affected), and intermediate (movement in AD affects both output and price level). (Chunk 4)
*   **VAR Estimation with specific variables:** One chunk presents a specific VAR model estimation for an open economy with variables related to world output, world prices of traded goods, and domestic variables. The model is specified in a reduced-form way without restrictions on long-run behavior of foreign variables. The presented equation shows a system of equations with differences and logs of variables, including an error term with a variance-covariance matrix. (Chunk 5)"
Applied Econometrics & Structural Modeling,econ_em_42,"Explain the implementation of a Difference-in-Differences (DiD) design with staggered treatment timing, detailing how parallel trends violations distort causal estimates of minimum wage hikes.",4.839,"I am sorry, but the provided context does not contain information on the ""Difference-in-Differences (DiD) design with staggered treatment timing"" or how ""parallel trends violations distort causal estimates of minimum wage hikes."" Therefore, I cannot answer your question.

The context does, however, discuss several concepts related to wage differences and discrimination, including:

*   **Compensation Differentials:** These are wage differences that exist for various reasons, contrary to the basic economic theory that suggests a single prevailing wage rate. Factors contributing to compensation differentials include:
    *   Differences in worker skills (human capital).
    *   Geographical location of jobs.
    *   Characteristics of the jobs themselves.
    *   Discrimination against gender or racial groups.
*   **Human Capital:** More skilled and educated workers tend to earn higher wages because their marginal product of labor is higher. Education differentials compensate workers for the time, effort, and foregone wages associated with obtaining training.
*   **Geographical Differentials:** If an area is desirable to live in, it will have a higher supply of labor, leading to lower wages. This is a type of geographical differential. Conversely, if labor mobility is perfect and an area is attractive, an increased labor supply will depress wages. A sustained equilibrium with different wage rates across areas can occur when workers are indifferent between living in more attractive areas with lower wages and less attractive areas with higher wages.
*   **Discrimination:** Discrimination against gender or racial groups can cause compensation differentials. In the United States, minorities and women tend to earn lower wages on average than Caucasian men, partly due to historical trends leading to less human capital or concentration in lower-paying occupations, and also due to direct discrimination. Studies indicate that several minority groups (including black men and women, Hispanic men and women, and white women) experience decreased wage earning for jobs with the same performance and responsibilities as white males.
*   **Compensating Differential:** This is an additional amount of income offered to motivate a worker to accept an undesirable job, relative to other available jobs. It accounts for the unpleasantness, risk, or other undesirable attributes of a job. For especially desirable jobs or those with special benefits, the compensating differential would be negative, meaning a worker might accept a lower wage.
    *   **Hazard Differential:** This is a type of compensating differential for occupations that are dangerous, such as police work, where higher pay compensates for the associated risk.
*   **Disparate Treatment and Disparate Impact:**
    *   **Disparate Treatment:** Occurs when an employee believes they have been discriminated against based on protected classes. Proving this involves a three-step process: 1. Employee demonstrates a prima facie case. 2. Employer shows legitimate, non-discriminatory business reasons. 3. Employee proves the employer's reason is a pretext.
    *   **Disparate Impact:** Involves unintentional discrimination where an employer's practice has a disproportionately injurious impact on a protected class. The employee must statistically establish this impact. The employer can avoid liability by proving the practice is a business necessity, shifting the burden back to the employee to show this necessity is a pretext. Examples include requiring a high school diploma or a certain test score when these requirements disproportionately affect a protected class, as seen in the Griggs v. Duke Power Co. case.
*   **Damages Permissible Under Title VII of the CRA:** These can include up to two years of back pay, compensatory damages, punitive damages, remedial seniority, costs (like attorney fees), and court orders (like reinstatement).
*   **Labor Cost Systems:**
    *   **High Wage Plan:** Fixes a higher time rate than the prevailing regional rate to attract efficient workers and increase output. Suitable when high quality and productivity are required, and output can be measured. Advantages include reduced supervision, simplicity, lower cost per unit, attraction of skilled workers, increased productivity, and decreased wages and overhead cost per unit.
    *   **Different Time Rates:** Fixes different rates for different efficiency levels, with rates increasing for efficiency beyond a standard level.
    *   **Measured Day Work (Graduated):** Divides hourly rates into a fixed part (job nature) and a variable part (merit rating, cost of living). This system is complicated and not popular due to complex calculations, potential arbitrariness of merit rating, multiplicity of rates, and lack of worker understanding.
    *   **Payment by Results:** Wages depend on output or units produced. Workers can increase income by producing more. Classifications include:
        *   Payment directly proportionate to production (e.g., straight piece work).
        *   Payment proportionately increasing as production increases (e.g., differential piece-work system)."
Applied Econometrics & Structural Modeling,econ_em_43,"Deconstruct a Dynamic Stochastic General Equilibrium (DSGE) model featuring Calvo price stickiness, demonstrating how shock persistence parameters alter the impulse response functions of consumption and investment.",7.416,"Based on the provided context, a complete deconstruction of a Dynamic Stochastic General Equilibrium (DSGE) model featuring Calvo price stickiness, including a demonstration of how shock persistence parameters alter the impulse response functions of consumption and investment, cannot be fully provided. The context offers partial information on the components and simulation of such models.

Here's what can be extracted and synthesized from the provided chunks:

**1. Core Components of a Canonical New Keynesian DSGE Model:**

*   **Household Optimization:** The models are grounded in household and firm optimization, which is a way to address the Lucas Critique and emphasize the importance of expectations. (Chunk 2)
*   **Imperfect Price Adjustment/Rigidity:** This is a key feature leading to an upward-sloping aggregate supply curve, where aggregate demand shocks have real consequences. Imperfect competition and nominal (and real) rigidities are crucial. (Chunk 2)
*   **Calvo Model:** This model of price setting gives rise to the New Keynesian Phillips curve. The parameter $\alpha$ in the Calvo model represents the coefficient of price adjustment. (Chunk 2, Chunk 4)
*   **Euler Equation of Consumption:** This equation, derived from household optimization, gives rise to the New Keynesian IS curve. (Chunk 2, Chunk 5)
*   **Policy Rule:** A policy rule, such as the Taylor rule, is needed to close the model. (Chunk 2, Chunk 4)
*   **Aggregate Supply (AS) – Aggregate Demand (AD) Model:** This forms part of the framework. (Chunk 1)

**2. Mathematical Representation (Discrete Time):**

The context provides equations for the canonical New Keynesian model in discrete time:

*   **New Keynesian Phillips Curve (NKPC):**
    *   In its basic form, derived from the Calvo model, it relates expected future inflation to current inflation and the output gap. (Chunk 3, Chunk 4)
    *   A specific form presented is:
        $\pi_t = (\frac{\alpha}{1-\alpha})(1-\beta(1-\alpha))\phi y_t + \beta\pi_{t+1}$ (Chunk 4)
        where:
        *   $\pi_t$: inflation at time $t$.
        *   $\alpha$: parameter from the Calvo model (price adjustment coefficient).
        *   $\beta$: discount factor.
        *   $\phi$: parameter related to price setting.
        *   $y_t$: output gap at time $t$.
        *   $\pi_{t+1}$: expected inflation at time $t+1$.

*   **New Keynesian IS Equation:** This equation links current output to future output, the interest rate, and expected future inflation.
    *   A specific form presented is:
        $y_t = y_{t+1} - \frac{1}{\sigma}(i_t - \pi_{t+1})$ (Chunk 4)
        where:
        *   $y_t$: output gap at time $t$.
        *   $y_{t+1}$: output gap at time $t+1$.
        *   $\sigma$: elasticity of intertemporal substitution in consumption. (Chunk 5)
        *   $i_t$: nominal interest rate at time $t$.
        *   $\pi_{t+1}$: expected inflation at time $t+1$.

*   **Taylor Rule:** This rule specifies how the central bank sets the nominal interest rate.
    *   A specific form presented is:
        $i_t = \phi_{\pi}\pi_t + \phi_y y_t + v_t$ (Chunk 4)
        where:
        *   $i_t$: nominal interest rate at time $t$.
        *   $\phi_{\pi}$: coefficient on inflation in the Taylor rule (sensitivity of interest rate to inflation).
        *   $\phi_y$: coefficient on the output gap in the Taylor rule (sensitivity of interest rate to output gap).
        *   $y_t$: output gap at time $t$.
        *   $v_t$: a monetary policy shock (often an interest rate shock).

*   **Real Rate:**
    *   $r_t = i_t - \pi_{t+1}$ (Chunk 4)

*   **Shock Process:** Shocks are often modeled as autoregressive processes. For example, a monetary policy shock:
    *   $v_t = \rho_v v_{t-1} + \epsilon_{v,t}$ (Chunk 4)
        where:
        *   $v_t$: monetary policy shock at time $t$.
        *   $\rho_v$: persistence parameter of the monetary policy shock. A value closer to 1 indicates high persistence.
        *   $v_{t-1}$: monetary policy shock at time $t-1$.
        *   $\epsilon_{v,t}$: the exogenous component of the shock at time $t$.

**3. Dynamic System and Eigenvalues:**

The system of equations can be represented in matrix form to analyze its dynamics. The characteristic matrix $\Omega$ is defined, and its eigenvalues $\lambda_1, \lambda_2$ determine the stability of the system. For a unique equilibrium, both eigenvalues must be larger than one. (Chunk 3)

*   $\Omega = \begin{bmatrix} \beta^{-1} & -\beta^{-1}\kappa \\ \sigma\beta^{-1}(\phi_{\pi}-1) & 1 + \sigma[-\left(\phi_{\pi}-1)\beta^{-1}\kappa + \phi_x\right] \end{bmatrix}$ (Chunk 3)
    *   Note: The variable $\kappa$ is related to the NKPC parameters and appears in the definition of $\Omega$. The variable $\phi_x$ in the $\Omega$ matrix definition seems to be a typo and might refer to $\phi$ from the NKPC or a similar parameter.
*   The condition for unique equilibrium (both eigenvalues > 1) is derived as:
    $(\phi_{\pi}-1)x + (1-\beta)\phi_x > 0$ (Chunk 3)
    This condition is satisfied if $\phi_{\pi} > 1$, implying an activist policy rule where the interest rate over-reacts to inflation is required for uniqueness.

**4. Simulation and Impulse Response Functions (IRFs):**

*   The context describes how to simulate a DSGE model using software like Dynare. (Chunk 1, Chunk 4)
*   Parameters are defined (e.g., $\alpha, \beta, \sigma, \phi, \phi_{\pi}, \phi_y, \rho_v$). (Chunk 4)
*   The model is specified using commands like `model(linear);`. (Chunk 4)
*   The `check;` command is used to compute eigenvalues for local analysis around the steady state. (Chunk 4)
*   Shocks are introduced using the `shocks;` command, specifying the variable and magnitude (e.g., $\epsilon_{v,t}$). (Chunk 4)
*   The `stoch_simul(periods=1000,irf=12,order=1);` command is used to generate simulations and impulse-response functions. (Chunk 4)

**5. Shock Persistence and its Impact (Partially Addressed):**

The context mentions that ""the business cycle properties we obtain from the model will depend on the properties we assume for those shocks."" (Chunk 3) It also defines a shock persistence parameter, $\rho_v$, for a monetary policy shock:

*   $v_t = \rho_v v_{t-1} + \epsilon_{v,t}$ (Chunk 4)

**However, the provided context *does not* explicitly demonstrate how varying the shock persistence parameter ($\rho_v$) alters the impulse response functions of consumption and investment.**

*   **Consumption:** The Euler equation relates consumption to the real interest rate and future consumption, and indirectly to the output gap. The impulse response of consumption would depend on how shocks propagate through the real interest rate and output gap. (Chunk 5, Chunk 4)
*   **Investment:** While investment is a key component of DSGE models, the provided chunks do not detail the investment equation or explicitly show its impulse response functions. Chunk 1 mentions ""Capital expenditure (CAPEX) programs"" and ""Capital accumulation"" as topics, but not the specific equations for investment within the canonical NK DSGE model.

**In summary, while the context provides the building blocks for a DSGE model with Calvo price stickiness, including equations for inflation, output, and policy, and the means to simulate it and generate IRFs, it does not offer a direct analysis or demonstration of how variations in shock persistence parameters specifically impact the impulse response functions of consumption and investment.** The mechanism by which persistence would affect these variables would be through the dynamics of the output gap ($y_t$) and the real interest rate ($r_t$), which are themselves influenced by the persistence of the shocks through the system's equations. However, a step-by-step deconstruction of this specific impact is missing from the provided text."
Applied Econometrics & Structural Modeling,econ_em_44,"Analyze the conditions required for valid Instrumental Variables (IV) estimation in two-stage least squares (2SLS), detailing weak instrument diagnostics (Cragg-Donald statistic) when estimating returns to education.",5.407,"Based on the provided context, the following conditions and diagnostics are discussed for valid Instrumental Variables (IV) estimation, with a specific focus on weak instrument diagnostics:

**Conditions for Valid Instrumental Variables (IV) Estimation:**

*   **Exogeneity:** Instruments must be exogenous, meaning they are correlated with the endogenous variables but not with the error term of the structural equation. The text notes that ""finding exogenous instruments is hard work"" (Chunk 1).
*   **Relevance:** Instruments must be sufficiently correlated with the endogenous variables they are intended to instrument. This relevance is assessed through first-stage F-tests.
*   **Non-correlation with Structural Error Term:** Instruments should not be correlated with the structural error term. This is assessed using tests like the Sargan over-identification test.

**Weak Instrument Diagnostics:**

The context extensively discusses the problem of ""weak instruments"" and provides diagnostics for identifying them.

*   **Impact of Weak Instruments:**
    *   Weak instruments can lead to ""severely biased estimates"" (Chunk 1, Chunk 2).
    *   If instruments are weak, the sampling distributions of GMM and IV statistics are generally nonnormal.
    *   Standard GMM and IV point estimates, hypothesis tests, and confidence intervals become unreliable (Chunk 1).
    *   IV estimation with weak instruments can be more biased than Ordinary Least Squares (OLS) (Chunk 1, Chunk 3).

*   **First-Stage F-Tests (Cragg-Donald Statistic is not explicitly named but the F-statistics serve the same diagnostic purpose):**
    *   The F-statistic in the first-stage regression indicates the strength of the instruments.
    *   A common ""rule of thumb"" is that F-statistics should be greater than 10 (Staiger and Stock, 1997) for instruments to be considered not weak (Chunk 2, Chunk 3).
    *   The provided context reports several instances where F-statistics were significantly lower than this rule of thumb, indicating very weak instruments:
        *   F-statistics for leader perceptions of service climate, employee perceptions of service climate, and their interaction were 1.06 (p > .05), 1.74 (p > .05), and 1.70 (p > .05) respectively, when using factors as instruments (Chunk 2).
        *   When using five factors of leader personality and unit size as instruments, F-statistics were even lower: 0.72 (p > .05), 0.96 (p > .05), and 0.99 (p > .05) for leader perceptions of service climate, employee perceptions of service climate, and their interaction, respectively (Chunk 2).
        *   Using the five factors of personality as instruments for service climate and food quality climate, F-statistics were 1.69 (p > .05), 1.37 (p > .05), and 1.85 (p > .05) for leader perceptions of service climate, employee perceptions of service climate, and their interaction (Chunk 3).
        *   Using the five factors of leader personality and unit size as instruments, F-statistics were 0.91 (p > .05), 0.77 (p > .05), and 0.91 (p > .05) for leader perceptions of service climate, employee perceptions of service climate, and their interaction (Chunk 3).
        *   Using unit size and median income as instruments, F-statistics were 0.80 (p > .05), 0.75 (p > .05), and 0.65 (p > .05) for leader perceptions of service climate, employee perceptions of service climate, and their interaction (Chunk 2).
        *   Using unit size and median income as instruments, F-statistics were 0.51 (p > .05), 0.44 (p > .05), and 0.56 (p > .05) for leader perceptions of service climate, employee perceptions of service climate, and their interaction (Chunk 3).
        *   In Appendix C, for first-stage regressions, the F-tests for Service Climate, Food Quality Climate, and Service Climate * Food Quality Climate were 0.91, 0.77, and 0.91, respectively (Chunk 4).
        *   In Appendix D, for first-stage regressions, the F-tests for Service Climate, Food Quality Climate, and Service Climate * Food Quality Climate were 0.51, 0.44, and 0.56, respectively (Chunk 4).

*   **Sargan Over-Identification Test:**
    *   This test checks if the instruments are uncorrelated with the structural error term.
    *   The context reports Sargan statistics, which are chi-squared distributed.
    *   For example, a Sargan statistic of χ2 (3) = 3.87 (p > .05) indicated that instruments were not correlated with the structural error term (Chunk 2).
    *   Another Sargan statistic was χ2 (3) = 2.94, p > .05 (Chunk 2).
    *   A Sargan statistic of χ2 (3) = 8.48, p > .05 indicated that instruments were not correlated with the structural error term (Chunk 3).
    *   A Sargan statistic was χ2 (3) = 4.72, p > .05 (Chunk 3).
    *   In Appendix C, the Sargan chi2(7) = 8.48 (p = 0.29) was reported (Chunk 4).
    *   In Appendix D, the Sargan chi2(8) = 4.72 (p = 0.79) was reported (Chunk 4).

**Estimation of Returns to Education:**

The provided context **does not contain any information or analysis related to the estimation of returns to education** or the use of instrumental variables in that specific domain. The examples and discussions revolve around organizational climate research, service climate, food quality climate, and leader personality as potential instruments. Therefore, no diagnostics or conditions for valid IV estimation in the context of returns to education can be derived from these chunks."
Applied Econometrics & Structural Modeling,econ_em_45,Evaluate Johansen Cointegration tests and Vector Error Correction Models (VECM) to estimate long-run Purchasing Power Parity (PPP) and speed-of-adjustment parameters.,2.668,"This document does not contain information about Johansen Cointegration tests or Vector Error Correction Models (VECM) for estimating long-run Purchasing Power Parity (PPP) and speed-of-adjustment parameters. Therefore, no analysis can be provided based on the given context."
Applied Econometrics & Structural Modeling,econ_em_46,Detail a Regression Discontinuity Design (RDD) framework (sharp vs. fuzzy) used to evaluate microfinance access limits based on asset eligibility thresholds.,3.633,"Based on the provided context, a Regression Discontinuity Design (RDD) framework, including its sharp and fuzzy variants, is not described. The retrieved chunks discuss regression techniques, linear regression models, and their applications in finance, particularly for predictions and analyzing correlations between variables. However, they do not contain information about RDD, asset eligibility thresholds, or microfinance access limits.

The context does mention:

*   **Regression Techniques:** These are described as a broad category within predictive analytics, focusing on establishing mathematical equations to model interactions between variables. (Chunk 1)
*   **Linear Regression Model:** This model analyzes the relationship between a dependent variable and independent predictor variables, expressed as an equation. (Chunk 1)
*   **Best-Fit Linear Model:** Developed once a correlation is deemed significant, it aims to determine coefficients (a and b) in a regression equation. Tools like Excel and R statistical tools are used for this. (Chunk 3)
*   **Regression Applications in Finance:** Used to determine correlations between stock market indices (e.g., S&P 500, DJIA, Russell 2000). The process involves generating a scatter plot, calculating a correlation coefficient, checking for significance, and then generating a linear model for predictions. (Chunk 3)
*   **Predictions and Prediction Intervals:** The linear regression model can be used for predictions by substituting the independent variable's value into the regression equation. It is recommended to predict values within the original range of the data. (Chunk 3)
*   **Multiple Linear Regression:** This involves using several independent variables to assess the behavior of a dependent variable. Software packages test the significance of each coefficient, and insignificant variables can be omitted. (Chunk 4)
*   **Potential Misuse of Regression:** The technique can be misused, and errors are subject to error. A linear model might be an inadequate description if the data is not linear over the range of independent variables. Extrapolating beyond the data range is dangerous. (Chunk 4)
*   **Big Data and Predictive Analytics:** Big data's volume, variety, and velocity pose challenges, but technological advances enable the analysis of massive structured and unstructured data for new insights, including running predictive algorithms on streaming data. Big Data is the core of most predictive analytic services. (Chunk 1)

The provided text does not offer any details on the specific components of a Regression Discontinuity Design (RDD), nor does it discuss the distinction between sharp and fuzzy RDD, or how such a framework might be applied to evaluate microfinance access limits based on asset eligibility thresholds."
Applied Econometrics & Structural Modeling,econ_em_47,Compare Solow-Swan growth accounting methods against endogenous growth models (Romer model) when calculating Total Factor Productivity (TFP) growth in transitioning developing nations.,6.969,"Based on the provided context, a direct comparison between Solow-Swan growth accounting and Romer's endogenous growth model for calculating Total Factor Productivity (TFP) growth in transitioning developing nations is not possible, as the context does not describe Romer's model or explicitly address transitioning developing nations.

However, the context does provide detailed information on Solow-Swan growth accounting and its treatment of TFP.

**Solow-Swan Growth Accounting and Total Factor Productivity (TFP):**

*   **Definition of TFP:** Total Factor Productivity (TFP) is defined as output relative to the combined inputs of labor and capital, representing the total factor inputs to production. It is also described as the growth in real GDP or per capita real GDP not caused by growth in factor inputs, but attributed to improved technology (Chunk 1, Chunk 4).
*   **Growth Accounting as a Method:** Growth accounting is a method of measuring the contributions of growth in inputs of labor and capital, and the state of technology, to overall growth (Chunk 1). It measures the contributions of labor, capital, and technology to growth in output (Chunk 4).
*   **The Production Function and Growth:** The relationship between output (Yt), technology (At), labor (Nt), and capital (Kt) is represented by the production function: Yt = At × F(Nt, Kt) (Chunk 4).
*   **The Growth Accounting Equation:** The growth in potential GDP (YP) can be expressed as the growth in total factor productivity plus a weighted sum of the growth in capital and labor inputs:
    Growth in YP = growth in A + (2/3) × (growth in N) + (1/3) × (growth in capital stock) (Chunk 5).
    This equation is referred to as the basic growth accounting equation. The weights (2/3 for labor and 1/3 for capital) are based on their shares in national income. If both N and K grow by 10 percent, and technology is held constant, real GDP grows by 10 percent. However, a 10 percent increase in labor input alone would result in a 2/3 × 10 percent = 6.6 percent increase in real GDP, while a 10 percent increase in capital input alone would result in a 1/3 × 10 percent = 3.3 percent increase in real GDP (Chunk 5).
*   **Solow Residual:** The growth in TFP (measured as growth in A) is often referred to as the Solow residual because it is calculated as a residual. It is the difference between the growth in real GDP and the weighted sum of the growth in labor and capital inputs (Chunk 3, Chunk 5).
    Growth in A = growth in Y − (2/3) × growth in N − (1/3) × growth in K (Chunk 5).
    The Solow residual is a measure of the contribution to growth made by improvements in the technology of production that raise the productivity of both labor and capital (Chunk 5).
*   **Estimation of TFP Growth:** From national accounts and other data sources, the growth rates of real GDP (gY), capital (gK), and labor (gL), along with their respective output elasticities (αK and αL), can be estimated. Using the equation: gY = gA + αK gK + αL gL, the growth rate of technology (gA) can be backed out (Chunk 3). Solow himself computed this for the U.S. economy and concluded that about 2/3 of economic growth was attributable to the residual (Chunk 3).
*   **Caveats of Solow Residual:** It is important to note that gA is calculated as a residual, not directly from measures of technological progress, and is considered a measure of ""ignorance."" Any underestimate of the increase in K or L (e.g., due to difficulties in adjusting for increased labor quality) will lead to an overestimate of gA (Chunk 3). Significant effort has been devoted to improving the measurement of factor of production contributions (Chunk 3).
*   **TFP and Cross-Country Income Differences:** Differences in total factor productivity (TFP), captured by 'A' in certain models, can explain output differentials between countries. For instance, if 𝛼 = 2/3, then A^(1/(1-𝛼)) = A³. If TFP is 1/3 the level in another country, the income level is 1/27. Parente and Prescott (2002) used this to estimate that substantial cross-country differences in productivity are required to replicate observed relative incomes (Chunk 2).
*   **Sources of Growth in Potential GDP:** Growth in potential GDP comes from growth in labor inputs, growth in capital inputs, and changes in factor productivity due to new and improved technology (Chunk 4).
*   **Sustained Growth:** Sustained growth in per capita real GDP occurs when improvements in technology overcome the diminishing returns to increases in the capital to labor ratio (Chunk 1).
*   **Technology and TFP:** Invention is the discovery of new knowledge, while innovation is the application of new knowledge into production techniques (Chunk 1). These innovations contribute to the improvements in technology that are captured by TFP.
*   **Exogenous vs. Endogenous Growth:** The context mentions ""exogenous variable"" (a variable determined outside the model) and ""endogenous growth"" (growth determined by economic behavior and policy within the model) (Chunk 1). The Solow model with exogenous technological change assumes that A increases over time, with Ȧ/A = a > 0. Out of the Balanced Growth Path (BGP), output evolves according to ẏ/y = Ȧ/A + 𝛼(ẏk/yk). On the BGP, where k is constant, ẏ/y = a. This suggests that in the long run, technological change is the sole source of growth in per capita income (Chunk 2).

The provided context does not contain information about Romer's endogenous growth model or its specific application in calculating TFP for transitioning developing nations. Therefore, a comparison between Solow-Swan growth accounting and Romer's model based on these specific criteria cannot be performed."
Applied Econometrics & Structural Modeling,econ_em_48,"Analyze real options valuation frameworks for major infrastructure investments under price uncertainty, contrasting Net Present Value (NPV) decisions against deferral option values.",6.6,"The provided text does not contain enough information to conduct an exhaustive, precise, and fully grounded technical analysis of real options valuation frameworks for major infrastructure investments under price uncertainty, specifically contrasting Net Present Value (NPV) decisions against deferral option values.

However, the context does offer some relevant details on related concepts that can be extracted and synthesized:

**Real Options and Flexibility:**

*   **Core Appeal:** The predominant appeal of real options theory lies in its ability to factor in the value of flexibility, which traditional approaches, like the Net Present Value (NPV) approach, ignore. Traditional NPV assumes a single possible outcome and does not account for adaptive actions managers can take. Real options aim to fill this gap. (Chunk 1)
*   **Expanded Net Present Value (ENPV):** This concept, also known as ""Strategic NPV,"" is the net present value (NPV) ""grossed up"" with the value of real options. It is calculated as the sum of the passive NPV of a project and the present value of options arising from active management of investment opportunities. ENPV contrasts with the ""passive"" NPV of a project with no options. (Chunk 1, Chunk 3, Chunk 2)
*   **Interdependence of Options:** When a project is complex and involves multiple real options, these options cannot always be valued separately because they are often conditional and interdependent. For example, if the option to abandon a project is exercised, the option to reduce business no longer exists, rendering its value nil. This means there is no additional value from interdependent options. (Chunk 1)

**Conditions for Real Options:**

Three factors are necessary for an investment project to offer real options:
1.  There must be some uncertainty surrounding the project.
2.  Additional information must arrive over the course of time.
3.  It must be possible to make significant changes to the project based on this information. (Chunk 2)

**Types of Real Options:**

A number of different types of real options can be present in investment projects:
*   The option to launch a new project.
*   The option to expand, reduce, or abandon the project.
*   The possibility to defer the project or delay the progress of work. (Chunk 2)

**Specific Examples and Applications:**

*   **Option to Abandon:** If the NPV is negative at the outset, one must consider the flexibility of the project by resorting to real options, such as the option to abandon. (Chunk 1)
*   **Option to Delay/Deferral Option:** Projects where commencement can be delayed are often attractive. In a volatile market, a project that can be delayed is akin to a call option with a long expiry period. This allows the company to observe market developments before committing to investment. The longer the delay, the more valuable this option becomes. However, the value of delaying is only beneficial if it offsets potential losses, such as a competitor establishing a strong customer base. Patents and other barriers to entry can provide protection against such risks. (Chunk 5)
*   **Option to Expand:** Growth options include the choice to start with a small capacity and expand later if market conditions are favorable. (Chunk 5)
*   **Flexibility Options:** A power station designed to use only gas is less flexible than one capable of using gas, coal, or oil, especially in the face of volatile gas prices. This greater flexibility has a value that should be included in the evaluation. (Chunk 5)
*   **Natural Resource Projects:** Projects in industries like timber and mining may have built-in options to reduce capacity or temporarily suspend operations. (Chunk 5)
*   **Land and Buildings vs. Specialized Machines:** A firm considering two projects with the same expected NPV might prefer one involving marketable land and buildings over one with a specialized machine having little resale value or alternative use. The former offers the ""right to sell"" (a put option), providing greater value. (Chunk 5)

**Challenges in Real Options Application:**

Applying real options methodology can be difficult due to:
*   The need for sophisticated mathematical tools, and not everyone is proficient in using these models, which can hinder communication of findings.
*   The complexity in estimating required parameters, such as volatility and opportunity costs. (Chunk 1)
*   If not applied properly, real options can lead to very high valuations, potentially justifying unjustified investment decisions, as seen with stock prices during the Internet bubble in 2000. (Chunk 1)

**Factors Affecting Option Value:**

The factors influencing an option's value, when related to capital budgeting, are:
*   **Price of the Underlying Asset:** Corresponds to the Present Value (PV) of expected operating cash flows discounted at the project's cost of capital.
*   **Exercise Price:** For call options, it's the initial investment. For put options, it's the value of the project's assets if sold or shifted to a more valuable use.
*   **Time Until Expiration:** This is the time until the option expires or is no longer available. (Chunk 3)

**Specifics on Price Uncertainty and NPV vs. Deferral Options:**

The provided text mentions price uncertainty in the context of volatile gas prices influencing the value of flexibility in power station construction (Chunk 5). It also highlights that the uncertainty inherent in project flexibility declines as time goes by, being replaced by intrinsic value from discounted cash flows adjusted by new information (Chunk 2). The contrast between NPV and deferral options is implicitly addressed by explaining the value of delaying a project akin to a call option in a volatile market, allowing observation of market developments before investment. This implies that the traditional NPV, which doesn't inherently capture this delay option, might understate the true value of a project with such flexibility, especially under price uncertainty.

**Missing Information:**

The context does not provide:
*   Specific mathematical frameworks or models used for valuing real options, particularly deferral options, under price uncertainty.
*   Detailed quantitative comparisons or analyses of NPV decisions versus deferral option values in the context of major infrastructure investments.
*   Formulas or methodologies for calculating volatility or other parameters relevant to infrastructure projects.
*   Empirical data or case studies specifically on infrastructure investments that illustrate the contrast between NPV and deferral option values under price uncertainty.
*   A discussion on how ""price uncertainty"" in major infrastructure investments is modeled or quantified within real options frameworks."
Applied Econometrics & Structural Modeling,econ_em_49,Evaluate GARCH and EGARCH econometric models in modeling asymmetric conditional volatility in emerging market foreign exchange rates during political shocks.,2.107,"This question cannot be answered from the given source. The provided context discusses econometric models and financial concepts such as GDP, inflation, monetary policy, exchange rate regimes, and the AA-DD model. However, it does not contain any information about GARCH or EGARCH econometric models, nor does it discuss the modeling of asymmetric conditional volatility in emerging market foreign exchange rates during political shocks. Therefore, I am unable to provide an evaluation of these models based solely on the retrieved text."
Applied Econometrics & Structural Modeling,econ_em_50,Analyze Synthetic Control Methods (SCM) versus conventional panel fixed-effects models when evaluating the macro-level impact of major trade embargoes on sovereign growth.,126.271,"Based on the provided context, there is no information available regarding Synthetic Control Methods (SCM) or conventional panel fixed-effects models in the context of evaluating the macro-level impact of major trade embargoes on sovereign growth.

The retrieved text discusses:
*   **Partial Equilibrium Analysis:** This approach examines the effects of policy actions only in the markets directly affected, using supply and demand curves and measuring welfare with producer and consumer surplus. It either ignores effects on other industries or assumes the sector is very small. (Chunk 1, Chunk 2, Chunk 4)
*   **General Equilibrium Analysis:** This approach incorporates the interaction of import and export sectors and considers the effects of policies on multiple sectors of the economy. It uses offer curves to depict equilibria and measures welfare with aggregate welfare functions or trade indifference curves. (Chunk 1, Chunk 5)
*   **Large vs. Small Country Assumption:** A large country's trade volume is significant enough to affect world prices, while a small country's trade volume is too small to influence world prices. (Chunk 1)
*   **Trade Policies:** The text mentions tariffs, import quotas, export quotas, export taxes, and export subsidies as historical trade policies. (Chunk 2, Chunk 3, Chunk 4)
*   **Tariffs:** Tariffs on imported goods are discussed as a way for governments to collect revenue and their effects on businesses, consumers, and trade volumes. The terms-of-trade effect of a tariff, particularly for a large country, is also mentioned, where it can improve the terms of trade and potentially offset deadweight losses. A nationally optimal tariff aims to maximize the difference between the terms-of-trade effect and the sum of production and consumption effects. (Chunk 2, Chunk 3, Chunk 4)
*   **Assumptions for Partial Equilibrium Trade Models:** These include two countries (e.g., US and Mexico), producers and consumers of a tradable good (e.g., wheat), homogeneous goods, perfectly competitive markets, and initial free trade with no response or retaliation to a policy implementation. (Chunk 2, Chunk 4)
*   **Econometric Models for Trade Impact:** The text mentions gravity models and Computable General Equilibrium (CGE) models as approaches to estimating the trade impact of trade facilitation reform. CGE models are ex-ante computer-based simulations that account for the interdependence of nations, markets, and economic actors. Gravity models are econometric models that use historical data to determine the effect of past policy on trade flows and are ex-post. (Chunk 5)

None of these discussions relate to Synthetic Control Methods or conventional panel fixed-effects models for analyzing the impact of trade embargoes on sovereign growth."
